	������ȣ,������,�Ͻ�,������(mm),1�ð��ִٰ�����(mm),1�ð��ִٰ������ð�,
	108,����,2019-01-01,,,
	108,����,2019-01-02,,,
	108,����,2019-01-03,,,
	108,����,2019-01-04,,,
	108,����,2019-01-05,,,
	108,����,2019-01-06,,,
	108,����,2019-01-07,,,
	108,����,2019-01-08,,,
	108,����,2019-01-09,,,
	108,����,2019-01-10,,,
	108,����,2019-01-11,,,
	108,����,2019-01-12,,,
	108,����,2019-01-13,,,
	108,����,2019-01-14,,,
	108,����,2019-01-15,0.0,,
	108,����,2019-01-16,0.0,,
	108,����,2019-01-17,0.0,,
	108,����,2019-01-18,,,
	108,����,2019-01-19,,,
	108,����,2019-01-20,,,
	108,����,2019-01-21,0.0,,
	108,����,2019-01-22,,,
	108,����,2019-01-23,,,
	108,����,2019-01-24,,,
	108,����,2019-01-25,,,
	108,����,2019-01-26,,,
	108,����,2019-01-27,,,
	108,����,2019-01-28,0.0,,
	108,����,2019-01-29,,,
	108,����,2019-01-30,,,
	108,����,2019-01-31,,,
	108,����,2019-02-01,0.3,,
	108,����,2019-02-02,0.0,,
	108,����,2019-02-03,16.0,,
	108,����,2019-02-04,,,
	108,����,2019-02-05,,,
	108,����,2019-02-06,,,
	108,����,2019-02-07,0.5,,
	108,����,2019-02-08,,,
	108,����,2019-02-09,,,
	108,����,2019-02-10,,,
	108,����,2019-02-11,,,
	108,����,2019-02-12,0.0,,
	108,����,2019-02-13,,,
	108,����,2019-02-14,,,
	108,����,2019-02-15,2.2,,
	108,����,2019-02-16,0.2,,
	108,����,2019-02-17,,,
	108,����,2019-02-18,,,
	108,����,2019-02-19,4.6,,
	108,����,2019-02-20,0.0,,
	108,����,2019-02-21,,,
	108,����,2019-02-22,,,
	108,����,2019-02-23,,,
	108,����,2019-02-24,,,
	108,����,2019-02-25,,,
	108,����,2019-02-26,,,
	108,����,2019-02-27,,,
	108,����,2019-02-28,,,
	108,����,2019-03-01,,,
	108,����,2019-03-02,,,
	108,����,2019-03-03,,,
	108,����,2019-03-04,,,
	108,����,2019-03-05,,,
	108,����,2019-03-06,,,
	108,����,2019-03-07,,,
	108,����,2019-03-08,,,
	108,����,2019-03-09,,,
	108,����,2019-03-10,,,
	108,����,2019-03-11,0.0,,
	108,����,2019-03-12,0.0,,
	108,����,2019-03-13,0.0,,
	108,����,2019-03-14,0.0,,
	108,����,2019-03-15,3.5,,
	108,����,2019-03-16,,,
	108,����,2019-03-17,,,
	108,����,2019-03-18,,,
	108,����,2019-03-19,,,
	108,����,2019-03-20,16.5,,
	108,����,2019-03-21,3.3,,
	108,����,2019-03-22,,,
	108,����,2019-03-23,1.7,,
	108,����,2019-03-24,,,
	108,����,2019-03-25,,,
	108,����,2019-03-26,,,
	108,����,2019-03-27,,,
	108,����,2019-03-28,,,
	108,����,2019-03-29,,,
	108,����,2019-03-30,1.8,,
	108,����,2019-03-31,0.0,,
	108,����,2019-04-01,,,
	108,����,2019-04-02,,,
	108,����,2019-04-03,,,
	108,����,2019-04-04,,,
	108,����,2019-04-05,0.0,0.0,
	108,����,2019-04-06,0.8,0.6,15:30
	108,����,2019-04-07,,,
	108,����,2019-04-08,,,
	108,����,2019-04-09,17.4,3.8,17:35
	108,����,2019-04-10,5.6,1.9,-23:31
	108,����,2019-04-11,,,
	108,����,2019-04-12,,,
	108,����,2019-04-13,,,
	108,����,2019-04-14,1.7,1.3,09:45
	108,����,2019-04-15,,,
	108,����,2019-04-16,,,
	108,����,2019-04-17,,,
	108,����,2019-04-18,0.0,0.0,
	108,����,2019-04-19,,,
	108,����,2019-04-20,1.2,0.7,22:43
	108,����,2019-04-21,0.3,0.2,
	108,����,2019-04-22,,,
	108,����,2019-04-23,0.0,0.0,
	108,����,2019-04-24,4.1,1.9,02:11
	108,����,2019-04-25,11.3,2.7,20:45
	108,����,2019-04-26,4.9,1.9,03:10
	108,����,2019-04-27,,,
	108,����,2019-04-28,0.0,0.0,
	108,����,2019-04-29,,,
	108,����,2019-04-30,,,
	108,����,2019-05-01,,,
	108,����,2019-05-02,,,
	108,����,2019-05-03,,,
	108,����,2019-05-04,,,
	108,����,2019-05-05,,,
	108,����,2019-05-06,0.0,0.0,
	108,����,2019-05-07,,,
	108,����,2019-05-08,,,
	108,����,2019-05-09,,,
	108,����,2019-05-10,,,
	108,����,2019-05-11,,,
	108,����,2019-05-12,,,
	108,����,2019-05-13,0.0,0.0,
	108,����,2019-05-14,,,
	108,����,2019-05-15,,,
	108,����,2019-05-16,,,
	108,����,2019-05-17,,,
	108,����,2019-05-18,0.0,0.0,
	108,����,2019-05-19,22.0,4.2,16:56
	108,����,2019-05-20,8.7,6.1,01:40
	108,����,2019-05-21,,,
	108,����,2019-05-22,,,
	108,����,2019-05-23,,,
	108,����,2019-05-24,,,
	108,����,2019-05-25,,,
	108,����,2019-05-26,,,
	108,����,2019-05-27,7.1,1.7,07:51
	108,����,2019-05-28,,,
	108,����,2019-05-29,,,
	108,����,2019-05-30,0.0,0.0,
	108,����,2019-05-31,,,
	108,����,2019-06-01,,,
	108,����,2019-06-02,,,
	108,����,2019-06-03,,,
	108,����,2019-06-04,,,
	108,����,2019-06-05,,,
	108,����,2019-06-06,7.5,3.4,19:28
	108,����,2019-06-07,35.3,12.1,02:34
	108,����,2019-06-08,,,
	108,����,2019-06-09,2.5,1.6,20:55
	108,����,2019-06-10,9.5,3.5,01:06
	108,����,2019-06-11,,,
	108,����,2019-06-12,,,
	108,����,2019-06-13,,,
	108,����,2019-06-14,,,
	108,����,2019-06-15,2.1,2.1,18:15
	108,����,2019-06-16,,,
	108,����,2019-06-17,0.0,0.0,
	108,����,2019-06-18,13.8,7.8,05:59
	108,����,2019-06-19,0.2,0.2,
	108,����,2019-06-20,,,
	108,����,2019-06-21,0.2,0.2,
	108,����,2019-06-22,,,
	108,����,2019-06-23,,,
	108,����,2019-06-24,,,
	108,����,2019-06-25,,,
	108,����,2019-06-26,0.0,0.0,
	108,����,2019-06-27,1.4,1.3,00:33
	108,����,2019-06-28,0.0,0.0,
	108,����,2019-06-29,1.5,0.5,03:41
	108,����,2019-06-30,0.0,0.0,
	108,����,2019-07-01,,,
	108,����,2019-07-02,,,
	108,����,2019-07-03,,,
	108,����,2019-07-04,,,
	108,����,2019-07-05,0.0,0.0,
	108,����,2019-07-06,,,
	108,����,2019-07-07,,,
	108,����,2019-07-08,,,
	108,����,2019-07-09,,,
	108,����,2019-07-10,8.5,2.7,20:19
	108,����,2019-07-11,2.9,1.6,05:34
	108,����,2019-07-12,,,
	108,����,2019-07-13,0.0,0.0,
	108,����,2019-07-14,,,
	108,����,2019-07-15,7.7,4.3,16:14
	108,����,2019-07-16,6.3,4.4,01:30
	108,����,2019-07-17,0.7,0.7,11:25
	108,����,2019-07-18,,,
	108,����,2019-07-19,0.0,0.0,
	108,����,2019-07-20,1.1,0.8,07:56
	108,����,2019-07-21,6.2,1.6,13:10
	108,����,2019-07-22,0.1,0.1,
	108,����,2019-07-23,,,
	108,����,2019-07-24,1.0,0.6,07:47
	108,����,2019-07-25,9.7,5.1,17:31
	108,����,2019-07-26,60.0,20.7,08:29
	108,����,2019-07-27,0.6,0.6,03:49
	108,����,2019-07-28,25.6,11.3,08:04
	108,����,2019-07-29,0.5,0.5,00:25
	108,����,2019-07-30,1.2,0.8,16:20
	108,����,2019-07-31,62.3,26.3,07:24
	108,����,2019-08-01,26.9,11.3,01:15
	108,����,2019-08-02,,,
	108,����,2019-08-03,3.0,3.0,15:40
	108,����,2019-08-04,8.6,8.3,16:50
	108,����,2019-08-05,,,
	108,����,2019-08-06,,,
	108,����,2019-08-07,8.0,2.3,06:40
	108,����,2019-08-08,0.0,0.0,
	108,����,2019-08-09,,,
	108,����,2019-08-10,,,
	108,����,2019-08-11,6.7,5.7,23:13
	108,����,2019-08-12,56.2,12.3,00:01
	108,����,2019-08-13,6.4,6.4,
	108,����,2019-08-14,,,
	108,����,2019-08-15,16.2,8.1,12:37
	108,����,2019-08-16,0.1,0.1,
	108,����,2019-08-17,0.0,0.0,
	108,����,2019-08-18,,,
	108,����,2019-08-19,,,
	108,����,2019-08-20,,,
	108,����,2019-08-21,1.3,0.5,17:50
	108,����,2019-08-22,,,
	108,����,2019-08-23,,,
	108,����,2019-08-24,,,
	108,����,2019-08-25,,,
	108,����,2019-08-26,,,
	108,����,2019-08-27,20.0,16.7,04:16
	108,����,2019-08-28,,,
	108,����,2019-08-29,36.9,29.4,10:27
	108,����,2019-08-30,0.2,0.2,
	108,����,2019-08-31,,,
	108,����,2019-09-01,,,
	108,����,2019-09-02,,,
	108,����,2019-09-03,0.0,0.0,
	108,����,2019-09-04,22.7,6.8,18:01
	108,����,2019-09-05,36.4,18.4,13:45
	108,����,2019-09-06,2.4,2.1,20:51
	108,����,2019-09-07,2.8,0.6,14:58
	108,����,2019-09-08,0.0,0.0,
	108,����,2019-09-09,0.0,0.0,
	108,����,2019-09-10,63.2,11.0,04:43
	108,����,2019-09-11,7.6,2.6,00:14
	108,����,2019-09-12,3.9,1.4,17:40
	108,����,2019-09-13,0.1,0.1,
	108,����,2019-09-14,0.3,0.3,13:58
	108,����,2019-09-15,,,
	108,����,2019-09-16,,,
	108,����,2019-09-17,,,
	108,����,2019-09-18,,,
	108,����,2019-09-19,,,
	108,����,2019-09-20,,,
	108,����,2019-09-21,,,
	108,����,2019-09-22,0.4,0.2,
	108,����,2019-09-23,,,
	108,����,2019-09-24,,,
	108,����,2019-09-25,,,
	108,����,2019-09-26,,,
	108,����,2019-09-27,,,
	108,����,2019-09-28,,,
	108,����,2019-09-29,,,
	108,����,2019-09-30,,,
	108,����,2019-10-01,,,
	108,����,2019-10-02,23.1,4.6,03:30
	108,����,2019-10-03,4.6,2.0,00:11
	108,����,2019-10-04,,,
	108,����,2019-10-05,0.6,0.5,07:02
	108,����,2019-10-06,,,
	108,����,2019-10-07,25.4,5.6,08:53
	108,����,2019-10-08,,,
	108,����,2019-10-09,,,
	108,����,2019-10-10,,,
	108,����,2019-10-11,,,
	108,����,2019-10-12,,,
	108,����,2019-10-13,,,
	108,����,2019-10-14,,,
	108,����,2019-10-15,,,
	108,����,2019-10-16,,,
	108,����,2019-10-17,,,
	108,����,2019-10-18,,,
	108,����,2019-10-19,,,
	108,����,2019-10-20,,,
	108,����,2019-10-21,,,
	108,����,2019-10-22,,,
	108,����,2019-10-23,,,
	108,����,2019-10-24,,,
	108,����,2019-10-25,0.0,0.0,
	108,����,2019-10-26,,,
	108,����,2019-10-27,,,
	108,����,2019-10-28,1.7,1.1,20:44
	108,����,2019-10-29,0.1,0.3,-23:31
	108,����,2019-10-30,,,
	108,����,2019-10-31,,,
	108,����,2019-11-01,,,
	108,����,2019-11-02,,,
	108,����,2019-11-03,,,
	108,����,2019-11-04,,,
	108,����,2019-11-05,,,
	108,����,2019-11-06,,,
	108,����,2019-11-07,,,
	108,����,2019-11-08,,,
	108,����,2019-11-09,,,
	108,����,2019-11-10,11.8,,
	108,����,2019-11-11,1.1,,
	108,����,2019-11-12,,,
	108,����,2019-11-13,7.5,,
	108,����,2019-11-14,,,
	108,����,2019-11-15,18.8,,
	108,����,2019-11-16,,,
	108,����,2019-11-17,21.1,,
	108,����,2019-11-18,14.7,,
	108,����,2019-11-19,0.0,,
	108,����,2019-11-20,,,
	108,����,2019-11-21,,,
	108,����,2019-11-22,,,
	108,����,2019-11-23,,,
	108,����,2019-11-24,3.8,,
	108,����,2019-11-25,,,
	108,����,2019-11-26,,,
	108,����,2019-11-27,,,
	108,����,2019-11-28,,,
	108,����,2019-11-29,,,
	108,����,2019-11-30,,,
	108,����,2019-12-01,3.3,,
	108,����,2019-12-02,,,
	108,����,2019-12-03,0.6,,
	108,����,2019-12-04,0.0,,
	108,����,2019-12-05,,,
	108,����,2019-12-06,,,
	108,����,2019-12-07,0.1,,
	108,����,2019-12-08,,,
	108,����,2019-12-09,0.0,,
	108,����,2019-12-10,1.7,,
	108,����,2019-12-11,0.2,,
	108,����,2019-12-12,,,
	108,����,2019-12-13,1.0,,
	108,����,2019-12-14,0.0,,
	108,����,2019-12-15,,,
	108,����,2019-12-16,,,
	108,����,2019-12-17,9.8,,
	108,����,2019-12-18,,,
	108,����,2019-12-19,0.0,,
	108,����,2019-12-20,0.0,,
	108,����,2019-12-21,0.6,,
	108,����,2019-12-22,0.3,,
	108,����,2019-12-23,2.9,,
	108,����,2019-12-24,,,
	108,����,2019-12-25,,,
	108,����,2019-12-26,0.3,,
	108,����,2019-12-27,,,
	108,����,2019-12-28,,,
	108,����,2019-12-29,1.4,,
	108,����,2019-12-30,0.4,,
	108,����,2019-12-31,0.0,,
	108,����,2020-01-01,0.1,,
	108,����,2020-01-02,,,
	108,����,2020-01-03,,,
	108,����,2020-01-04,,,
	108,����,2020-01-05,,,
	108,����,2020-01-06,1.8,,
	108,����,2020-01-07,46.3,,
	108,����,2020-01-08,11.6,,
	108,����,2020-01-09,,,
	108,����,2020-01-10,,,
	108,����,2020-01-11,,,
	108,����,2020-01-12,,,
	108,����,2020-01-13,,,
	108,����,2020-01-14,,,
	108,����,2020-01-15,,,
	108,����,2020-01-16,,,
	108,����,2020-01-17,,,
	108,����,2020-01-18,,,
	108,����,2020-01-19,0.6,,
	108,����,2020-01-20,,,
	108,����,2020-01-21,,,
	108,����,2020-01-22,,,
	108,����,2020-01-23,,,
	108,����,2020-01-24,,,
	108,����,2020-01-25,,,
	108,����,2020-01-26,,,
	108,����,2020-01-27,0.1,,
	108,����,2020-01-28,0.0,,
	108,����,2020-01-29,,,
	108,����,2020-01-30,,,
	108,����,2020-01-31,0.0,,
	108,����,2020-02-01,,,
	108,����,2020-02-02,,,
	108,����,2020-02-03,0.0,,
	108,����,2020-02-04,1.7,,
	108,����,2020-02-05,,,
	108,����,2020-02-06,,,
	108,����,2020-02-07,0.0,,
	108,����,2020-02-08,0.0,,
	108,����,2020-02-09,0.0,,
	108,����,2020-02-10,0.0,,
	108,����,2020-02-11,,,
	108,����,2020-02-12,6.7,,
	108,����,2020-02-13,,,
	108,����,2020-02-14,,,
	108,����,2020-02-15,2.0,,
	108,����,2020-02-16,13.4,,
	108,����,2020-02-17,1.0,,
	108,����,2020-02-18,,,
	108,����,2020-02-19,,,
	108,����,2020-02-20,,,
	108,����,2020-02-21,4.2,,
	108,����,2020-02-22,3.1,,
	108,����,2020-02-23,,,
	108,����,2020-02-24,,,
	108,����,2020-02-25,16.6,,
	108,����,2020-02-26,0.0,,
	108,����,2020-02-27,,,
	108,����,2020-02-28,3.9,,
	108,����,2020-02-29,0.5,,
	108,����,2020-03-01,0.2,,
	108,����,2020-03-02,0.0,,
	108,����,2020-03-03,,,
	108,����,2020-03-04,0.0,,
	108,����,2020-03-05,,,
	108,����,2020-03-06,,,
	108,����,2020-03-07,,,
	108,����,2020-03-08,,,
	108,����,2020-03-09,,,
	108,����,2020-03-10,11.8,,
	108,����,2020-03-11,,,
	108,����,2020-03-12,,,
	108,����,2020-03-13,0.5,,
	108,����,2020-03-14,,,
	108,����,2020-03-15,,,
	108,����,2020-03-16,,,
	108,����,2020-03-17,,,
	108,����,2020-03-18,,,
	108,����,2020-03-19,0.0,,
	108,����,2020-03-20,,,
	108,����,2020-03-21,,,
	108,����,2020-03-22,,,
	108,����,2020-03-23,,,
	108,����,2020-03-24,,,
	108,����,2020-03-25,,,
	108,����,2020-03-26,1.8,,
	108,����,2020-03-27,2.0,,
	108,����,2020-03-28,,,
	108,����,2020-03-29,,,
	108,����,2020-03-30,,,
	108,����,2020-03-31,,,
	108,����,2020-04-01,,,
	108,����,2020-04-02,,,
	108,����,2020-04-03,,,
	108,����,2020-04-04,,,
	108,����,2020-04-05,,,
	108,����,2020-04-06,,,
	108,����,2020-04-07,,,
	108,����,2020-04-08,,,
	108,����,2020-04-09,,,
	108,����,2020-04-10,,,
	108,����,2020-04-11,,,
	108,����,2020-04-12,,,
	108,����,2020-04-13,,,
	108,����,2020-04-14,,,
	108,����,2020-04-15,,,
	108,����,2020-04-16,,,
	108,����,2020-04-17,6.5,3.9,12:38
	108,����,2020-04-18,,,
	108,����,2020-04-19,10.3,2.9,17:12
	108,����,2020-04-20,0.1,0.1,
	108,����,2020-04-21,,,
	108,����,2020-04-22,0.0,0.0,
	108,����,2020-04-23,,,
	108,����,2020-04-24,,,
	108,����,2020-04-25,,,
	108,����,2020-04-26,,,
	108,����,2020-04-27,,,
	108,����,2020-04-28,,,
	108,����,2020-04-29,,,
	108,����,2020-04-30,,,
	108,����,2020-05-01,,,
	108,����,2020-05-02,0.0,0.0,
	108,����,2020-05-03,0.0,0.0,
	108,����,2020-05-04,,,
	108,����,2020-05-05,,,
	108,����,2020-05-06,,,
	108,����,2020-05-07,,,
	108,����,2020-05-08,2.3,1.6,22:03
	108,����,2020-05-09,24.4,4.7,09:48
	108,����,2020-05-10,1.3,0.7,02:30
	108,����,2020-05-11,3.4,3.8,23:23
	108,����,2020-05-12,0.7,0.7,00:01
	108,����,2020-05-13,,,
	108,����,2020-05-14,,,
	108,����,2020-05-15,12.0,2.1,08:38
	108,����,2020-05-16,2.5,0.5,05:56
	108,����,2020-05-17,0.0,0.0,
	108,����,2020-05-18,29.8,19.8,15:53
	108,����,2020-05-19,19.0,9.6,09:49
	108,����,2020-05-20,0.0,0.0,
	108,����,2020-05-21,,,
	108,����,2020-05-22,0.0,0.0,
	108,����,2020-05-23,0.0,0.0,
	108,����,2020-05-24,14.5,9.9,05:44
	108,����,2020-05-25,,,
	108,����,2020-05-26,1.5,1.5,19:55
	108,����,2020-05-27,,,
	108,����,2020-05-28,0.0,0.0,
	108,����,2020-05-29,,,
	108,����,2020-05-30,,,
	108,����,2020-05-31,1.0,1.0,22:45
	108,����,2020-06-01,0.4,0.3,-23:45
	108,����,2020-06-02,2.0,1.9,10:55
	108,����,2020-06-03,,,
	108,����,2020-06-04,0.2,0.1,
	108,����,2020-06-05,,,
	108,����,2020-06-06,,,
	108,����,2020-06-07,,,
	108,����,2020-06-08,,,
	108,����,2020-06-09,,,
	108,����,2020-06-10,6.2,2.9,20:19
	108,����,2020-06-11,0.0,0.1,
	108,����,2020-06-12,,,
	108,����,2020-06-13,0.0,0.0,
	108,����,2020-06-14,1.1,1.1,02:31
	108,����,2020-06-15,,,
	108,����,2020-06-16,,,
	108,����,2020-06-17,,,
	108,����,2020-06-18,,,
	108,����,2020-06-19,0.1,0.1,
	108,����,2020-06-20,,,
	108,����,2020-06-21,,,
	108,����,2020-06-22,,,
	108,����,2020-06-23,0.0,0.0,
	108,����,2020-06-24,37.6,8.5,11:05
	108,����,2020-06-25,13.3,3.5,01:20
	108,����,2020-06-26,2.1,0.9,-23:31
	108,����,2020-06-27,0.0,0.0,
	108,����,2020-06-28,,,
	108,����,2020-06-29,11.9,9.6,23:31
	108,����,2020-06-30,64.7,15.9,03:30
	108,����,2020-07-01,0.0,0.0,
	108,����,2020-07-02,,,
	108,����,2020-07-03,0.1,0.5,23:30
	108,����,2020-07-04,1.6,0.9,00:36
	108,����,2020-07-05,,,
	108,����,2020-07-06,,,
	108,����,2020-07-07,0.0,0.0,
	108,����,2020-07-08,,,
	108,����,2020-07-09,,,
	108,����,2020-07-10,2.2,1.9,08:00
	108,����,2020-07-11,,,
	108,����,2020-07-12,2.9,0.9,16:44
	108,����,2020-07-13,47.6,6.2,22:15
	108,����,2020-07-14,11.5,5.9,-23:31
	108,����,2020-07-15,,,
	108,����,2020-07-16,,,
	108,����,2020-07-17,0.0,0.0,
	108,����,2020-07-18,,,
	108,����,2020-07-19,29.1,19.3,08:20
	108,����,2020-07-20,3.6,1.3,02:31
	108,����,2020-07-21,0.0,0.0,
	108,����,2020-07-22,11.5,6.2,07:58
	108,����,2020-07-23,103.1,18.5,17:17
	108,����,2020-07-24,2.9,2.3,08:55
	108,����,2020-07-25,0.0,0.0,
	108,����,2020-07-26,0.0,0.0,
	108,����,2020-07-27,2.2,0.6,03:06
	108,����,2020-07-28,0.4,0.3,16:14
	108,����,2020-07-29,50.1,27.1,09:02
	108,����,2020-07-30,0.1,0.1,
	108,����,2020-07-31,1.5,1.2,23:05
	108,����,2020-08-01,39.1,23.6,12:22
	108,����,2020-08-02,31.4,13.8,15:33
	108,����,2020-08-03,102.6,28.5,08:36
	108,����,2020-08-04,3.9,1.8,06:36
	108,����,2020-08-05,18.5,14.4,23:25
	108,����,2020-08-06,75.7,19.9,04:15
	108,����,2020-08-07,0.0,0.0,
	108,����,2020-08-08,19.1,5.9,20:26
	108,����,2020-08-09,50.3,13.9,13:37
	108,����,2020-08-10,44.6,28.6,15:56
	108,����,2020-08-11,97.0,23.6,04:35
	108,����,2020-08-12,,,
	108,����,2020-08-13,,,
	108,����,2020-08-14,0.4,0.4,07:50
	108,����,2020-08-15,69.0,23.7,05:52
	108,����,2020-08-16,,,
	108,����,2020-08-17,,,
	108,����,2020-08-18,,,
	108,����,2020-08-19,,,
	108,����,2020-08-20,,,
	108,����,2020-08-21,2.5,2.1,11:59
	108,����,2020-08-22,42.6,23.0,12:11
	108,����,2020-08-23,,,
	108,����,2020-08-24,,,
	108,����,2020-08-25,,,
	108,����,2020-08-26,0.6,0.6,22:25
	108,����,2020-08-27,8.7,4.2,06:32
	108,����,2020-08-28,13.6,6.7,05:23
	108,����,2020-08-29,13.6,6.5,10:52
	108,����,2020-08-30,42.5,32.5,01:44
	108,����,2020-08-31,0.0,0.0,
	108,����,2020-09-01,0.0,0.0,
	108,����,2020-09-02,33.3,20.0,17:36
	108,����,2020-09-03,29.8,5.1,02:20
	108,����,2020-09-04,,,
	108,����,2020-09-05,,,
	108,����,2020-09-06,6.4,4.1,22:40
	108,����,2020-09-07,61.0,8.4,19:33
	108,����,2020-09-08,0.0,0.0,
	108,����,2020-09-09,1.3,1.1,13:31
	108,����,2020-09-10,3.9,3.5,04:31
	108,����,2020-09-11,1.2,1.4,23:30
	108,����,2020-09-12,5.7,1.8,01:21
	108,����,2020-09-13,,,
	108,����,2020-09-14,0.0,0.0,
	108,����,2020-09-15,,,
	108,����,2020-09-16,0.3,0.2,
	108,����,2020-09-17,,,
	108,����,2020-09-18,,,
	108,����,2020-09-19,0.3,0.2,
	108,����,2020-09-20,,,
	108,����,2020-09-21,,,
	108,����,2020-09-22,,,
	108,����,2020-09-23,,,
	108,����,2020-09-24,,,
	108,����,2020-09-25,,,
	108,����,2020-09-26,,,
	108,����,2020-09-27,,,
	108,����,2020-09-28,,,
	108,����,2020-09-29,,,
	108,����,2020-09-30,38.3,34.0,18:24
	108,����,2020-10-01,,,
	108,����,2020-10-02,0.0,0.0,
	108,����,2020-10-03,0.0,0.0,
	108,����,2020-10-04,0.0,0.0,
	108,����,2020-10-05,,,
	108,����,2020-10-06,,,
	108,����,2020-10-07,,,
	108,����,2020-10-08,,,
	108,����,2020-10-09,,,
	108,����,2020-10-10,,,
	108,����,2020-10-11,,,
	108,����,2020-10-12,,,
	108,����,2020-10-13,,,
	108,����,2020-10-14,,,
	108,����,2020-10-15,,,
	108,����,2020-10-16,,,
	108,����,2020-10-17,,,
	108,����,2020-10-18,,,
	108,����,2020-10-19,,,
	108,����,2020-10-20,,,
	108,����,2020-10-21,,,
	108,����,2020-10-22,0.0,0.0,
	108,����,2020-10-23,,,
	108,����,2020-10-24,,,
	108,����,2020-10-25,,,
	108,����,2020-10-26,,,
	108,����,2020-10-27,,,
	108,����,2020-10-28,,,
	108,����,2020-10-29,,,
	108,����,2020-10-30,,,
	108,����,2020-10-31,,,
	108,����,2020-11-01,13.6,,
	108,����,2020-11-02,1.7,,
	108,����,2020-11-03,0.5,,
	108,����,2020-11-04,,,
	108,����,2020-11-05,,,
	108,����,2020-11-06,,,
	108,����,2020-11-07,0.1,,
	108,����,2020-11-08,,,
	108,����,2020-11-09,,,
	108,����,2020-11-10,,,
	108,����,2020-11-11,,,
	108,����,2020-11-12,,,
	108,����,2020-11-13,,,
	108,����,2020-11-14,,,
	108,����,2020-11-15,,,
	108,����,2020-11-16,,,
	108,����,2020-11-17,0.1,,
	108,����,2020-11-18,12.2,,
	108,����,2020-11-19,86.9,,
	108,����,2020-11-20,0.0,,
	108,����,2020-11-21,0.2,,
	108,����,2020-11-22,4.8,,
	108,����,2020-11-23,,,
	108,����,2020-11-24,,,
	108,����,2020-11-25,,,
	108,����,2020-11-26,,,
	108,����,2020-11-27,0.0,,
	108,����,2020-11-28,,,
	108,����,2020-11-29,,,
	108,����,2020-11-30,,,
	108,����,2020-12-01,,,
	108,����,2020-12-02,,,
	108,����,2020-12-03,,,
	108,����,2020-12-04,,,
	108,����,2020-12-05,,,
	108,����,2020-12-06,,,
	108,����,2020-12-07,,,
	108,����,2020-12-08,,,
	108,����,2020-12-09,,,
	108,����,2020-12-10,0.0,,
	108,����,2020-12-11,,,
	108,����,2020-12-12,,,
	108,����,2020-12-13,2.9,,
	108,����,2020-12-14,,,
	108,����,2020-12-15,,,
	108,����,2020-12-16,,,
	108,����,2020-12-17,0.0,,
	108,����,2020-12-18,0.2,,
	108,����,2020-12-19,,,
	108,����,2020-12-20,,,
	108,����,2020-12-21,,,
	108,����,2020-12-22,,,
	108,����,2020-12-23,0.0,,
	108,����,2020-12-24,,,
	108,����,2020-12-25,,,
	108,����,2020-12-26,,,
	108,����,2020-12-27,0.0,,
	108,����,2020-12-28,1.3,,
	108,����,2020-12-29,0.2,,
	108,����,2020-12-30,,,
	108,����,2020-12-31,0.0,,
	108,����,2021-01-01,,,
	108,����,2021-01-02,,,
	108,����,2021-01-03,,,
	108,����,2021-01-04,0.0,,
	108,����,2021-01-05,0.0,,
	108,����,2021-01-06,2.3,,
	108,����,2021-01-07,,,
	108,����,2021-01-08,,,
	108,����,2021-01-09,,,
	108,����,2021-01-10,,,
	108,����,2021-01-11,,,
	108,����,2021-01-12,2.6,,
	108,����,2021-01-13,0.0,,
	108,����,2021-01-14,,,
	108,����,2021-01-15,0.2,,
	108,����,2021-01-16,,,
	108,����,2021-01-17,0.0,,
	108,����,2021-01-18,0.3,,
	108,����,2021-01-19,,,
	108,����,2021-01-20,,,
	108,����,2021-01-21,9.2,,
	108,����,2021-01-22,0.1,,
	108,����,2021-01-23,,,
	108,����,2021-01-24,,,
	108,����,2021-01-25,,,
	108,����,2021-01-26,1.7,,
	108,����,2021-01-27,,,
	108,����,2021-01-28,2.0,,
	108,����,2021-01-29,,,
	108,����,2021-01-30,0.5,,
	108,����,2021-01-31,,,
	108,����,2021-02-01,0.7,,
	108,����,2021-02-02,0.0,,
	108,����,2021-02-03,3.4,,
	108,����,2021-02-04,0.1,,
	108,����,2021-02-05,,,
	108,����,2021-02-06,,,
	108,����,2021-02-07,,,
	108,����,2021-02-08,,,
	108,����,2021-02-09,,,
	108,����,2021-02-10,,,
	108,����,2021-02-11,,,
	108,����,2021-02-12,,,
	108,����,2021-02-13,,,
	108,����,2021-02-14,0.0,,
	108,����,2021-02-15,1.4,,
	108,����,2021-02-16,1.5,,
	108,����,2021-02-17,0.0,,
	108,����,2021-02-18,,,
	108,����,2021-02-19,,,
	108,����,2021-02-20,,,
	108,����,2021-02-21,,,
	108,����,2021-02-22,,,
	108,����,2021-02-23,,,
	108,����,2021-02-24,,,
	108,����,2021-02-25,,,
	108,����,2021-02-26,,,
	108,����,2021-02-27,,,
	108,����,2021-02-28,,,
	108,����,2021-03-01,67.5,,
	108,����,2021-03-02,0.1,,
	108,����,2021-03-03,,,
	108,����,2021-03-04,,,
	108,����,2021-03-05,,,
	108,����,2021-03-06,,,
	108,����,2021-03-07,,,
	108,����,2021-03-08,,,
	108,����,2021-03-09,,,
	108,����,2021-03-10,,,
	108,����,2021-03-11,,,
	108,����,2021-03-12,0.0,,
	108,����,2021-03-13,,,
	108,����,2021-03-14,,,
	108,����,2021-03-15,1.7,,
	108,����,2021-03-16,1.3,,
	108,����,2021-03-17,,,
	108,����,2021-03-18,,,
	108,����,2021-03-19,,,
	108,����,2021-03-20,5.1,,
	108,����,2021-03-21,0.3,,
	108,����,2021-03-22,,,
	108,����,2021-03-23,,,
	108,����,2021-03-24,,,
	108,����,2021-03-25,,,
	108,����,2021-03-26,,,
	108,����,2021-03-27,25.5,,
	108,����,2021-03-28,9.2,,
	108,����,2021-03-29,0.2,,
	108,����,2021-03-30,,,
	108,����,2021-03-31,,,
	108,����,2021-04-01,,,
	108,����,2021-04-02,0.0,0.0,
	108,����,2021-04-03,56.2,11.5,11:10
	108,����,2021-04-04,0.6,0.4,04:02
	108,����,2021-04-05,,,
	108,����,2021-04-06,,,
	108,����,2021-04-07,,,
	108,����,2021-04-08,,,
	108,����,2021-04-09,,,
	108,����,2021-04-10,,,
	108,����,2021-04-11,,,
	108,����,2021-04-12,22.0,5.4,18:31
	108,����,2021-04-13,8.0,3.0,-23:51
	108,����,2021-04-14,,,
	108,����,2021-04-15,,,
	108,����,2021-04-16,0.7,0.7,10:57
	108,����,2021-04-17,0.0,0.0,
	108,����,2021-04-18,,,
	108,����,2021-04-19,,,
	108,����,2021-04-20,,,
	108,����,2021-04-21,,,
	108,����,2021-04-22,,,
	108,����,2021-04-23,0.0,0.0,
	108,����,2021-04-24,0.0,0.0,
	108,����,2021-04-25,,,
	108,����,2021-04-26,,,
	108,����,2021-04-27,1.7,5.8,23:31
	108,����,2021-04-28,4.7,4.7,00:01
	108,����,2021-04-29,3.9,4.3,23:13
	108,����,2021-04-30,26.3,8.9,02:45
	108,����,2021-05-01,8.0,5.3,14:19
	108,����,2021-05-02,1.7,1.2,00:24
	108,����,2021-05-03,,,
	108,����,2021-05-04,19.6,5.1,14:36
	108,����,2021-05-05,0.1,0.4,-23:31
	108,����,2021-05-06,,,
	108,����,2021-05-07,8.8,8.8,09:15
	108,����,2021-05-08,,,
	108,����,2021-05-09,,,
	108,����,2021-05-10,0.0,0.0,
	108,����,2021-05-11,,,
	108,����,2021-05-12,,,
	108,����,2021-05-13,,,
	108,����,2021-05-14,,,
	108,����,2021-05-15,15.0,5.8,13:02
	108,����,2021-05-16,66.9,11.3,18:53
	108,����,2021-05-17,3.1,1.7,11:15
	108,����,2021-05-18,,,
	108,����,2021-05-19,,,
	108,����,2021-05-20,0.9,0.5,22:19
	108,����,2021-05-21,6.9,2.0,14:01
	108,����,2021-05-22,0.2,0.2,
	108,����,2021-05-23,,,
	108,����,2021-05-24,,,
	108,����,2021-05-25,8.3,5.4,05:34
	108,����,2021-05-26,0.0,0.0,
	108,����,2021-05-27,8.9,6.5,06:42
	108,����,2021-05-28,12.3,4.7,05:02
	108,����,2021-05-29,0.3,0.2,
	108,����,2021-05-30,18.1,11.3,22:49
	108,����,2021-05-31,4.0,4.7,-23:49
	108,����,2021-06-01,3.2,2.3,07:12
	108,����,2021-06-02,,,
	108,����,2021-06-03,18.1,5.1,19:44
	108,����,2021-06-04,,,
	108,����,2021-06-05,,,
	108,����,2021-06-06,,,
	108,����,2021-06-07,0.0,0.0,
	108,����,2021-06-08,0.1,0.1,
	108,����,2021-06-09,,,
	108,����,2021-06-10,6.1,5.1,22:57
	108,����,2021-06-11,4.6,2.6,02:19
	108,����,2021-06-12,,,
	108,����,2021-06-13,,,
	108,����,2021-06-14,,,
	108,����,2021-06-15,1.9,0.9,10:18
	108,����,2021-06-16,,,
	108,����,2021-06-17,0.0,0.0,
	108,����,2021-06-18,6.3,1.7,05:53
	108,����,2021-06-19,,,
	108,����,2021-06-20,,,
	108,����,2021-06-21,,,
	108,����,2021-06-22,0.0,0.0,
	108,����,2021-06-23,7.5,7.5,15:30
	108,����,2021-06-24,,,
	108,����,2021-06-25,,,
	108,����,2021-06-26,4.5,2.6,03:39
	108,����,2021-06-27,38.2,37.7,18:24
	108,����,2021-06-28,0.1,0.1,
	108,����,2021-06-29,8.0,8.0,16:14
	108,����,2021-06-30,6.0,6.0,11:59
	108,����,2021-07-01,,,
	108,����,2021-07-02,,,
	108,����,2021-07-03,60.0,13.8,16:56
	108,����,2021-07-04,21.4,5.3,00:45
	108,����,2021-07-05,,,
	108,����,2021-07-06,,,
	108,����,2021-07-07,12.7,12.4,20:25
	108,����,2021-07-08,2.9,2.7,00:02
	108,����,2021-07-09,0.0,0.0,
	108,����,2021-07-10,0.5,0.2,
	108,����,2021-07-11,0.4,0.4,06:12
	108,����,2021-07-12,,,
	108,����,2021-07-13,,,
	108,����,2021-07-14,,,
	108,����,2021-07-15,0.0,0.0,
	108,����,2021-07-16,,,
	108,����,2021-07-17,0.0,0.0,
	108,����,2021-07-18,,,
	108,����,2021-07-19,67.4,65.7,14:06
	108,����,2021-07-20,0.0,0.0,
	108,����,2021-07-21,,,
	108,����,2021-07-22,,,
	108,����,2021-07-23,,,
	108,����,2021-07-24,,,
	108,����,2021-07-25,,,
	108,����,2021-07-26,,,
	108,����,2021-07-27,,,
	108,����,2021-07-28,0.0,0.0,
	108,����,2021-07-29,,,
	108,����,2021-07-30,,,
	108,����,2021-07-31,3.0,2.4,02:01
	108,����,2021-08-01,21.0,8.7,19:09
	108,����,2021-08-02,1.7,1.4,07:43
	108,����,2021-08-03,0.0,0.0,
	108,����,2021-08-04,,,
	108,����,2021-08-05,,,
	108,����,2021-08-06,,,
	108,����,2021-08-07,,,
	108,����,2021-08-08,12.7,11.6,15:22
	108,����,2021-08-09,,,
	108,����,2021-08-10,,,
	108,����,2021-08-11,0.0,0.0,
	108,����,2021-08-12,0.0,0.0,
	108,����,2021-08-13,,,
	108,����,2021-08-14,,,
	108,����,2021-08-15,,,
	108,����,2021-08-16,0.0,0.0,
	108,����,2021-08-17,9.3,5.3,19:44
	108,����,2021-08-18,5.6,2.9,07:13
	108,����,2021-08-19,,,
	108,����,2021-08-20,0.0,0.0,
	108,����,2021-08-21,62.8,27.9,12:19
	108,����,2021-08-22,0.0,0.0,
	108,����,2021-08-23,7.4,2.0,18:23
	108,����,2021-08-24,10.5,2.8,12:15
	108,����,2021-08-25,0.3,0.3,01:50
	108,����,2021-08-26,0.7,0.7,15:20
	108,����,2021-08-27,0.9,0.7,13:18
	108,����,2021-08-28,,,
	108,����,2021-08-29,0.9,0.7,01:22
	108,����,2021-08-30,0.0,0.0,
	108,����,2021-08-31,77.4,12.4,13:56
	108,����,2021-09-01,0.8,3.1,-23:31
	108,����,2021-09-02,,,
	108,����,2021-09-03,,,
	108,����,2021-09-04,,,
	108,����,2021-09-05,,,
	108,����,2021-09-06,12.0,4.0,21:38
	108,����,2021-09-07,29.6,6.6,08:52
	108,����,2021-09-08,1.6,0.7,01:49
	108,����,2021-09-09,,,
	108,����,2021-09-10,,,
	108,����,2021-09-11,,,
	108,����,2021-09-12,,,
	108,����,2021-09-13,,,
	108,����,2021-09-14,,,
	108,����,2021-09-15,,,
	108,����,2021-09-16,,,
	108,����,2021-09-17,,,
	108,����,2021-09-18,,,
	108,����,2021-09-19,,,
	108,����,2021-09-20,,,
	108,����,2021-09-21,68.1,27.1,23:12
	108,����,2021-09-22,4.5,4.2,00:01
	108,����,2021-09-23,,,
	108,����,2021-09-24,,,
	108,����,2021-09-25,,,
	108,����,2021-09-26,,,
	108,����,2021-09-27,0.0,0.0,
	108,����,2021-09-28,1.3,0.7,21:00
	108,����,2021-09-29,13.1,5.0,08:47
	108,����,2021-09-30,,,
	108,����,2021-10-01,13.3,12.7,21:53
	108,����,2021-10-02,,,
	108,����,2021-10-03,,,
	108,����,2021-10-04,3.6,3.5,17:14
	108,����,2021-10-05,0.0,0.0,
	108,����,2021-10-06,6.4,2.0,07:35
	108,����,2021-10-07,4.6,3.8,05:05
	108,����,2021-10-08,3.5,0.9,10:44
	108,����,2021-10-09,0.4,0.3,06:35
	108,����,2021-10-10,14.2,4.4,12:37
	108,����,2021-10-11,0.3,0.3,-23:31
	108,����,2021-10-12,,,
	108,����,2021-10-13,,,
	108,����,2021-10-14,,,
	108,����,2021-10-15,0.0,0.0,
	108,����,2021-10-16,0.0,0.0,
	108,����,2021-10-17,,,
	108,����,2021-10-18,5.6,4.8,23:31
	108,����,2021-10-19,4.4,3.1,00:01
	108,����,2021-10-20,,,
	108,����,2021-10-21,,,
	108,����,2021-10-22,,,
	108,����,2021-10-23,,,
	108,����,2021-10-24,,,
	108,����,2021-10-25,,,
	108,����,2021-10-26,,,
	108,����,2021-10-27,0.0,0.0,
	108,����,2021-10-28,,,
	108,����,2021-10-29,,,
	108,����,2021-10-30,,,
	108,����,2021-10-31,0.7,0.7,20:15
	108,����,2021-11-01,,,
	108,����,2021-11-02,,,
	108,����,2021-11-03,,,
	108,����,2021-11-04,0.0,,
	108,����,2021-11-05,,,
	108,����,2021-11-06,,,
	108,����,2021-11-07,,,
	108,����,2021-11-08,25.7,,
	108,����,2021-11-09,2.0,,
	108,����,2021-11-10,0.3,,
	108,����,2021-11-11,0.0,,
	108,����,2021-11-12,,,
	108,����,2021-11-13,,,
	108,����,2021-11-14,,,
	108,����,2021-11-15,,,
	108,����,2021-11-16,,,
	108,����,2021-11-17,,,
	108,����,2021-11-18,0.0,,
	108,����,2021-11-19,,,
	108,����,2021-11-20,,,
	108,����,2021-11-21,5.9,,
	108,����,2021-11-22,1.3,,
	108,����,2021-11-23,,,
	108,����,2021-11-24,0.0,,
	108,����,2021-11-25,,,
	108,����,2021-11-26,0.0,,
	108,����,2021-11-27,,,
	108,����,2021-11-28,,,
	108,����,2021-11-29,,,
	108,����,2021-11-30,27.2,,
	108,����,2021-12-01,,,
	108,����,2021-12-02,0.1,,
	108,����,2021-12-03,0.4,,
	108,����,2021-12-04,,,
	108,����,2021-12-05,,,
	108,����,2021-12-06,,,
	108,����,2021-12-07,,,
	108,����,2021-12-08,,,
	108,����,2021-12-09,,,
	108,����,2021-12-10,0.7,,
	108,����,2021-12-11,,,
	108,����,2021-12-12,,,
	108,����,2021-12-13,,,
	108,����,2021-12-14,1.2,,
	108,����,2021-12-15,2.1,,
	108,����,2021-12-16,0.0,,
	108,����,2021-12-17,,,
	108,����,2021-12-18,2.8,,
	108,����,2021-12-19,0.2,,
	108,����,2021-12-20,0.0,,
	108,����,2021-12-21,,,
	108,����,2021-12-22,,,
	108,����,2021-12-23,,,
	108,����,2021-12-24,0.2,,
	108,����,2021-12-25,,,
	108,����,2021-12-26,,,
	108,����,2021-12-27,0.0,,
	108,����,2021-12-28,,,
	108,����,2021-12-29,0.2,,
	108,����,2021-12-30,0.0,,
	108,����,2021-12-31,,,
	108,����,2022-01-01,,,
	108,����,2022-01-02,0.3,,
	108,����,2022-01-03,0.0,,
	108,����,2022-01-04,0.0,,
	108,����,2022-01-05,,,
	108,����,2022-01-06,,,
	108,����,2022-01-07,,,
	108,����,2022-01-08,0.0,,
	108,����,2022-01-09,,,
	108,����,2022-01-10,0.9,,
	108,����,2022-01-11,0.2,,
	108,����,2022-01-12,,,
	108,����,2022-01-13,,,
	108,����,2022-01-14,,,
	108,����,2022-01-15,0.0,,
	108,����,2022-01-16,0.0,,
	108,����,2022-01-17,0.5,,
	108,����,2022-01-18,,,
	108,����,2022-01-19,1.7,,
	108,����,2022-01-20,,,
	108,����,2022-01-21,,,
	108,����,2022-01-22,,,
	108,����,2022-01-23,,,
	108,����,2022-01-24,,,
	108,����,2022-01-25,0.7,,
	108,����,2022-01-26,,,
	108,����,2022-01-27,,,
	108,����,2022-01-28,,,
	108,����,2022-01-29,,,
	108,����,2022-01-30,,,
	108,����,2022-01-31,1.2,,
	108,����,2022-02-01,1.7,,
	108,����,2022-02-02,,,
	108,����,2022-02-03,,,
	108,����,2022-02-04,0.0,,
	108,����,2022-02-05,,,
	108,����,2022-02-06,,,
	108,����,2022-02-07,,,
	108,����,2022-02-08,,,
	108,����,2022-02-09,,,
	108,����,2022-02-10,,,
	108,����,2022-02-11,,,
	108,����,2022-02-12,,,
	108,����,2022-02-13,,,
	108,����,2022-02-14,1.7,,
	108,����,2022-02-15,0.0,,
	108,����,2022-02-16,0.0,,
	108,����,2022-02-17,,,
	108,����,2022-02-18,,,
	108,����,2022-02-19,0.1,,
	108,����,2022-02-20,,,
	108,����,2022-02-21,0.1,,
	108,����,2022-02-22,,,
	108,����,2022-02-23,,,
	108,����,2022-02-24,,,
	108,����,2022-02-25,,,
	108,����,2022-02-26,1.1,,
	108,����,2022-02-27,,,
	108,����,2022-02-28,,,
	108,����,2022-03-01,2.3,,
	108,����,2022-03-02,,,
	108,����,2022-03-03,,,
	108,����,2022-03-04,,,
	108,����,2022-03-05,,,
	108,����,2022-03-06,,,
	108,����,2022-03-07,,,
	108,����,2022-03-08,,,
	108,����,2022-03-09,,,
	108,����,2022-03-10,,,
	108,����,2022-03-11,,,
	108,����,2022-03-12,2.6,,
	108,����,2022-03-13,42.1,,
	108,����,2022-03-14,8.7,,
	108,����,2022-03-15,,,
	108,����,2022-03-16,,,
	108,����,2022-03-17,1.2,,
	108,����,2022-03-18,0.0,,
	108,����,2022-03-19,14.6,,
	108,����,2022-03-20,0.0,,
	108,����,2022-03-21,,,
	108,����,2022-03-22,,,
	108,����,2022-03-23,,,
	108,����,2022-03-24,,,
	108,����,2022-03-25,10.9,,
	108,����,2022-03-26,19.8,,
	108,����,2022-03-27,,,
	108,����,2022-03-28,,,
	108,����,2022-03-29,,,
	108,����,2022-03-30,0.4,,
	108,����,2022-03-31,,,
	108,����,2022-04-01,,,
	108,����,2022-04-02,,,
	108,����,2022-04-03,,,
	108,����,2022-04-04,,,
	108,����,2022-04-05,,,
	108,����,2022-04-06,,,
	108,����,2022-04-07,,,
	108,����,2022-04-08,,,
	108,����,2022-04-09,0.5,0.5,07:10
	108,����,2022-04-10,,,
	108,����,2022-04-11,,,
	108,����,2022-04-12,0.5,0.4,20:38
	108,����,2022-04-13,1.3,0.8,01:28
	108,����,2022-04-14,,,
	108,����,2022-04-15,,,
	108,����,2022-04-16,,,
	108,����,2022-04-17,,,
	108,����,2022-04-18,,,
	108,����,2022-04-19,,,
	108,����,2022-04-20,,,
	108,����,2022-04-21,,,
	108,����,2022-04-22,,,
	108,����,2022-04-23,,,
	108,����,2022-04-24,0.3,0.2,
	108,����,2022-04-25,1.3,0.3,05:29
	108,����,2022-04-26,1.0,0.8,02:37
	108,����,2022-04-27,,,
	108,����,2022-04-28,0.0,0.0,
	108,����,2022-04-29,15.5,4.0,04:23
	108,����,2022-04-30,,,
	108,����,2022-05-01,,,
	108,����,2022-05-02,,,
	108,����,2022-05-03,,,
	108,����,2022-05-04,,,
	108,����,2022-05-05,,,
	108,����,2022-05-06,,,
	108,����,2022-05-07,0.5,0.2,
	108,����,2022-05-08,2.0,1.1,21:10
	108,����,2022-05-09,,,
	108,����,2022-05-10,0.0,0.0,
	108,����,2022-05-11,0.0,0.0,
	108,����,2022-05-12,,,
	108,����,2022-05-13,,,
	108,����,2022-05-14,,,
	108,����,2022-05-15,,,
	108,����,2022-05-16,,,
	108,����,2022-05-17,,,
	108,����,2022-05-18,1.5,1.5,08:53
	108,����,2022-05-19,,,
	108,����,2022-05-20,,,
	108,����,2022-05-21,,,
	108,����,2022-05-22,,,
	108,����,2022-05-23,,,
	108,����,2022-05-24,,,
	108,����,2022-05-25,3.5,2.9,21:00
	108,����,2022-05-26,0.0,0.0,
	108,����,2022-05-27,0.0,0.0,
	108,����,2022-05-28,,,
	108,����,2022-05-29,,,
	108,����,2022-05-30,0.0,0.0,
	108,����,2022-05-31,,,
	108,����,2022-06-01,,,
	108,����,2022-06-02,,,
	108,����,2022-06-03,,,
	108,����,2022-06-04,,,
	108,����,2022-06-05,0.0,0.0,
	108,����,2022-06-06,4.3,1.7,06:38
	108,����,2022-06-07,0.0,0.0,
	108,����,2022-06-08,,,
	108,����,2022-06-09,2.6,2.5,12:45
	108,����,2022-06-10,1.2,1.2,13:38
	108,����,2022-06-11,,,
	108,����,2022-06-12,,,
	108,����,2022-06-13,18.0,15.9,02:43
	108,����,2022-06-14,0.0,0.0,
	108,����,2022-06-15,18.5,5.8,01:44
	108,����,2022-06-16,0.7,0.3,00:35
	108,����,2022-06-17,,,
	108,����,2022-06-18,0.0,0.0,
	108,����,2022-06-19,,,
	108,����,2022-06-20,,,
	108,����,2022-06-21,,,
	108,����,2022-06-22,,,
	108,����,2022-06-23,103.0,34.4,17:54
	108,����,2022-06-24,19.1,14.4,00:01
	108,����,2022-06-25,,,
	108,����,2022-06-26,,,
	108,����,2022-06-27,6.1,1.6,11:45
	108,����,2022-06-28,6.3,3.2,13:17
	108,����,2022-06-29,37.8,10.6,11:33
	108,����,2022-06-30,176.2,24.0,09:53
	108,����,2022-07-01,,,
	108,����,2022-07-02,,,
	108,����,2022-07-03,,,
	108,����,2022-07-04,0.0,0.0,
	108,����,2022-07-05,0.0,0.0,
	108,����,2022-07-06,16.1,15.6,21:54
	108,����,2022-07-07,0.0,0.0,
	108,����,2022-07-08,1.7,1.7,00:55
	108,����,2022-07-09,0.1,0.1,
	108,����,2022-07-10,0.0,0.0,
	108,����,2022-07-11,9.0,7.7,15:27
	108,����,2022-07-12,,,
	108,����,2022-07-13,114.5,30.3,14:24
	108,����,2022-07-14,0.9,0.5,04:27
	108,����,2022-07-15,,,
	108,����,2022-07-16,34.0,33.8,16:30
	108,����,2022-07-17,0.0,0.0,
	108,����,2022-07-18,,,
	108,����,2022-07-19,,,
	108,����,2022-07-20,1.1,0.8,22:38
	108,����,2022-07-21,10.4,3.4,05:22
	108,����,2022-07-22,5.2,5.2,12:35
	108,����,2022-07-23,9.9,4.2,21:54
	108,����,2022-07-24,1.2,1.6,-23:43
	108,����,2022-07-25,,,
	108,����,2022-07-26,,,
	108,����,2022-07-27,,,
	108,����,2022-07-28,,,
	108,����,2022-07-29,,,
	108,����,2022-07-30,1.0,1.0,14:45
	108,����,2022-07-31,47.2,18.0,21:41
	108,����,2022-08-01,30.0,13.3,05:17
	108,����,2022-08-02,33.5,7.6,02:12
	108,����,2022-08-03,51.1,17.9,04:16
	108,����,2022-08-04,0.0,0.0,
	108,����,2022-08-05,0.0,0.0,
	108,����,2022-08-06,13.6,11.4,10:50
	108,����,2022-08-07,0.9,0.9,08:35
	108,����,2022-08-08,129.6,38.1,17:34
	108,����,2022-08-09,123.1,27.1,19:43
	108,����,2022-08-10,7.6,10.0,-23:40
	108,����,2022-08-11,38.8,25.6,03:51
	108,����,2022-08-12,,,
	108,����,2022-08-13,4.0,2.0,12:18
	108,����,2022-08-14,3.0,3.0,17:25
	108,����,2022-08-15,0.9,0.7,18:01
	108,����,2022-08-16,0.0,0.0,
	108,����,2022-08-17,0.0,0.0,
	108,����,2022-08-18,,,
	108,����,2022-08-19,66.1,47.1,15:43
	108,����,2022-08-20,0.0,0.2,
	108,����,2022-08-21,,,
	108,����,2022-08-22,3.2,2.7,21:39
	108,����,2022-08-23,2.2,1.0,04:18
	108,����,2022-08-24,,,
	108,����,2022-08-25,1.6,0.8,11:02
	108,����,2022-08-26,,,
	108,����,2022-08-27,17.6,17.6,01:40
	108,����,2022-08-28,,,
	108,����,2022-08-29,2.2,0.6,06:31
	108,����,2022-08-30,35.8,4.2,02:50
	108,����,2022-08-31,0.0,0.0,
	108,����,2022-09-01,,,
	108,����,2022-09-02,,,
	108,����,2022-09-03,,,
	108,����,2022-09-04,33.8,9.7,21:35
	108,����,2022-09-05,120.0,12.8,10:25
	108,����,2022-09-06,25.3,8.9,01:51
	108,����,2022-09-07,,,
	108,����,2022-09-08,,,
	108,����,2022-09-09,,,
	108,����,2022-09-10,,,
	108,����,2022-09-11,0.1,0.1,
	108,����,2022-09-12,,,
	108,����,2022-09-13,0.0,0.0,
	108,����,2022-09-14,0.0,0.0,
	108,����,2022-09-15,0.1,0.1,
	108,����,2022-09-16,14.6,8.6,23:21
	108,����,2022-09-17,4.3,4.3,00:01
	108,����,2022-09-18,,,
	108,����,2022-09-19,,,
	108,����,2022-09-20,,,
	108,����,2022-09-21,,,
	108,����,2022-09-22,,,
	108,����,2022-09-23,3.3,3.3,11:15
	108,����,2022-09-24,,,
	108,����,2022-09-25,,,
	108,����,2022-09-26,,,
	108,����,2022-09-27,,,
	108,����,2022-09-28,,,
	108,����,2022-09-29,,,
	108,����,2022-09-30,,,
	108,����,2022-10-01,,,
	108,����,2022-10-02,15.8,6.1,17:25
	108,����,2022-10-03,76.0,14.7,22:19
	108,����,2022-10-04,11.8,7.0,00:30
	108,����,2022-10-05,0.1,0.1,
	108,����,2022-10-06,0.0,0.0,
	108,����,2022-10-07,,,
	108,����,2022-10-08,,,
	108,����,2022-10-09,20.4,4.2,18:40
	108,����,2022-10-10,0.0,0.0,
	108,����,2022-10-11,,,
	108,����,2022-10-12,,,
	108,����,2022-10-13,,,
	108,����,2022-10-14,,,
	108,����,2022-10-15,,,
	108,����,2022-10-16,,,
	108,����,2022-10-17,,,
	108,����,2022-10-18,,,
	108,����,2022-10-19,,,
	108,����,2022-10-20,,,
	108,����,2022-10-21,,,
	108,����,2022-10-22,,,
	108,����,2022-10-23,,,
	108,����,2022-10-24,,,
	108,����,2022-10-25,,,
	108,����,2022-10-26,,,
	108,����,2022-10-27,,,
	108,����,2022-10-28,,,
	108,����,2022-10-29,,,
	108,����,2022-10-30,,,
	108,����,2022-10-31,,,
	108,����,2022-11-01,,,
	108,����,2022-11-02,,,
	108,����,2022-11-03,0.0,,
	108,����,2022-11-04,,,
	108,����,2022-11-05,,,
	108,����,2022-11-06,,,
	108,����,2022-11-07,0.0,,
	108,����,2022-11-08,,,
	108,����,2022-11-09,,,
	108,����,2022-11-10,,,
	108,����,2022-11-11,,,
	108,����,2022-11-12,57.9,,
	108,����,2022-11-13,,,
	108,����,2022-11-14,,,
	108,����,2022-11-15,1.6,,
	108,����,2022-11-16,,,
	108,����,2022-11-17,,,
	108,����,2022-11-18,,,
	108,����,2022-11-19,,,
	108,����,2022-11-20,,,
	108,����,2022-11-21,,,
	108,����,2022-11-22,0.0,,
	108,����,2022-11-23,0.0,,
	108,����,2022-11-24,,,
	108,����,2022-11-25,1.7,,
	108,����,2022-11-26,,,
	108,����,2022-11-27,,,
	108,����,2022-11-28,19.5,,
	108,����,2022-11-29,3.8,,
	108,����,2022-11-30,,,
	108,����,2022-12-01,,,
	108,����,2022-12-02,,,
	108,����,2022-12-03,1.1,,
	108,����,2022-12-04,,,
	108,����,2022-12-05,,,
	108,����,2022-12-06,0.1,,
	108,����,2022-12-07,0.1,,
	108,����,2022-12-08,,,
	108,����,2022-12-09,0.0,,
	108,����,2022-12-10,,,
	108,����,2022-12-11,,,
	108,����,2022-12-12,5.4,,
	108,����,2022-12-13,0.6,,
	108,����,2022-12-14,,,
	108,����,2022-12-15,2.4,,
	108,����,2022-12-16,,,
	108,����,2022-12-17,0.2,,
	108,����,2022-12-18,,,
	108,����,2022-12-19,,,
	108,����,2022-12-20,,,
	108,����,2022-12-21,3.6,,
	108,����,2022-12-22,,,
	108,����,2022-12-23,,,
	108,����,2022-12-24,,,
	108,����,2022-12-25,,,
	108,����,2022-12-26,,,
	108,����,2022-12-27,,,
	108,����,2022-12-28,0.1,,
	108,����,2022-12-29,0.0,,
	108,����,2022-12-30,0.0,,
	108,����,2022-12-31,0.0,,
	108,����,2023-01-01,,,
	108,����,2023-01-02,,,
	108,����,2023-01-03,,,
	108,����,2023-01-04,,,
	108,����,2023-01-05,,,
	108,����,2023-01-06,3.9,,
	108,����,2023-01-07,0.1,,
	108,����,2023-01-08,,,
	108,����,2023-01-09,,,
	108,����,2023-01-10,,,
	108,����,2023-01-11,,,
	108,����,2023-01-12,0.0,,
	108,����,2023-01-13,37.3,,
	108,����,2023-01-14,1.6,,
	108,����,2023-01-15,3.2,,
	108,����,2023-01-16,0.0,,
	108,����,2023-01-17,0.0,,
	108,����,2023-01-18,0.0,,
	108,����,2023-01-19,1.0,,
	108,����,2023-01-20,,,
	108,����,2023-01-21,,,
	108,����,2023-01-22,0.0,,
	108,����,2023-01-23,,,
	108,����,2023-01-24,0.0,,
	108,����,2023-01-25,0.0,,
	108,����,2023-01-26,0.8,,
	108,����,2023-01-27,,,
	108,����,2023-01-28,0.0,,
	108,����,2023-01-29,,,
	108,����,2023-01-30,,,
	108,����,2023-01-31,,,
	108,����,2023-02-01,,,
	108,����,2023-02-02,,,
	108,����,2023-02-03,,,
	108,����,2023-02-04,,,
	108,����,2023-02-05,,,
	108,����,2023-02-06,,,
	108,����,2023-02-07,,,
	108,����,2023-02-08,,,
	108,����,2023-02-09,0.0,,
	108,����,2023-02-10,0.6,,
	108,����,2023-02-11,,,
	108,����,2023-02-12,,,
	108,����,2023-02-13,,,
	108,����,2023-02-14,,,
	108,����,2023-02-15,,,
	108,����,2023-02-16,0.0,,
	108,����,2023-02-17,,,
	108,����,2023-02-18,,,
	108,����,2023-02-19,0.4,,
	108,����,2023-02-20,,,
	108,����,2023-02-21,,,
	108,����,2023-02-22,,,
	108,����,2023-02-23,,,
	108,����,2023-02-24,,,
	108,����,2023-02-25,,,
	108,����,2023-02-26,,,
	108,����,2023-02-27,,,
	108,����,2023-02-28,,,
	108,����,2023-03-01,,,
	108,����,2023-03-02,,,
	108,����,2023-03-03,,,
	108,����,2023-03-04,,,
	108,����,2023-03-05,,,
	108,����,2023-03-06,,,
	108,����,2023-03-07,,,
	108,����,2023-03-08,1.2,,
	108,����,2023-03-09,3.7,,
	108,����,2023-03-10,,,
	108,����,2023-03-11,,,
	108,����,2023-03-12,5.6,,
	108,����,2023-03-13,,,
	108,����,2023-03-14,,,
	108,����,2023-03-15,,,
	108,����,2023-03-16,,,
	108,����,2023-03-17,,,
	108,����,2023-03-18,,,
	108,����,2023-03-19,,,
	108,����,2023-03-20,,,
	108,����,2023-03-21,,,
	108,����,2023-03-22,,,
	108,����,2023-03-23,0.0,,
	108,����,2023-03-24,,,
	108,����,2023-03-25,,,
	108,����,2023-03-26,,,
	108,����,2023-03-27,,,
	108,����,2023-03-28,,,
	108,����,2023-03-29,,,
	108,����,2023-03-30,,,
	108,����,2023-03-31,,,
	108,����,2023-04-01,,,
	108,����,2023-04-02,,,
	108,����,2023-04-03,,,
	108,����,2023-04-04,6.9,3.1,21:38
	108,����,2023-04-05,50.3,9.0,12:10
	108,����,2023-04-06,2.7,1.5,19:02
	108,����,2023-04-07,,,
	108,����,2023-04-08,,,
	108,����,2023-04-09,,,
	108,����,2023-04-10,,,
	108,����,2023-04-11,2.9,2.6,12:54
	108,����,2023-04-12,,,
	108,����,2023-04-13,0.0,0.0,
	108,����,2023-04-14,,,
	108,����,2023-04-15,4.6,3.6,10:37
	108,����,2023-04-16,0.0,0.0,
	108,����,2023-04-17,,,
	108,����,2023-04-18,1.5,0.6,09:20
	108,����,2023-04-19,,,
	108,����,2023-04-20,0.5,0.5,03:59
	108,����,2023-04-21,,,
	108,����,2023-04-22,,,
	108,����,2023-04-23,,,
	108,����,2023-04-24,,,
	108,����,2023-04-25,0.4,0.4,12:18
	108,����,2023-04-26,0.0,0.0,
	108,����,2023-04-27,,,
	108,����,2023-04-28,1.9,1.7,22:51
	108,����,2023-04-29,25.1,4.9,03:03
	108,����,2023-04-30,0.1,0.1,
	108,����,2023-05-01,,,
	108,����,2023-05-02,,,
	108,����,2023-05-03,,,
	108,����,2023-05-04,,,
	108,����,2023-05-05,30.2,9.3,15:38
	108,����,2023-05-06,47.5,9.3,02:30
	108,����,2023-05-07,,,
	108,����,2023-05-08,,,
	108,����,2023-05-09,,,
	108,����,2023-05-10,,,
	108,����,2023-05-11,,,
	108,����,2023-05-12,,,
	108,����,2023-05-13,0.0,0.0,
	108,����,2023-05-14,,,
	108,����,2023-05-15,,,
	108,����,2023-05-16,,,
	108,����,2023-05-17,,,
	108,����,2023-05-18,1.3,1.3,14:05
	108,����,2023-05-19,,,
	108,����,2023-05-20,,,
	108,����,2023-05-21,0.2,0.2,
	108,����,2023-05-22,0.0,0.0,
	108,����,2023-05-23,,,
	108,����,2023-05-24,,,
	108,����,2023-05-25,0.0,0.0,
	108,����,2023-05-26,0.5,0.5,-23:45
	108,����,2023-05-27,31.8,5.8,18:10
	108,����,2023-05-28,41.8,4.9,00:56
	108,����,2023-05-29,2.3,1.4,00:35
	108,����,2023-05-30,,,
	108,����,2023-05-31,,,
	108,����,2023-06-01,,,
	108,����,2023-06-02,0.0,0.0,
	108,����,2023-06-03,,,
	108,����,2023-06-04,,,
	108,����,2023-06-05,,,
	108,����,2023-06-06,0.0,0.0,
	108,����,2023-06-07,0.0,0.0,
	108,����,2023-06-08,1.9,1.5,22:51
	108,����,2023-06-09,1.2,0.6,01:13
	108,����,2023-06-10,0.8,1.7,23:31
	108,����,2023-06-11,32.2,16.1,03:12
	108,����,2023-06-12,0.0,0.0,
	108,����,2023-06-13,0.0,0.0,
	108,����,2023-06-14,30.6,30.6,13:55
	108,����,2023-06-15,,,
	108,����,2023-06-16,,,
	108,����,2023-06-17,,,
	108,����,2023-06-18,,,
	108,����,2023-06-19,,,
	108,����,2023-06-20,6.4,6.4,23:31
	108,����,2023-06-21,24.9,8.4,03:02
	108,����,2023-06-22,0.0,0.0,
	108,����,2023-06-23,,,
	108,����,2023-06-24,,,
	108,����,2023-06-25,,,
	108,����,2023-06-26,30.3,11.1,05:17
	108,����,2023-06-27,2.5,2.5,01:13
	108,����,2023-06-28,0.0,0.0,
	108,����,2023-06-29,63.8,33.8,10:42
	108,����,2023-06-30,1.0,0.4,00:07
	108,����,2023-07-01,,,
	108,����,2023-07-02,,,
	108,����,2023-07-03,,,
	108,����,2023-07-04,61.8,28.5,19:21
	108,����,2023-07-05,15.3,13.8,00:24
	108,����,2023-07-06,,,
	108,����,2023-07-07,,,
	108,����,2023-07-08,,,
	108,����,2023-07-09,47.5,24.6,10:27
	108,����,2023-07-10,11.5,11.5,05:30
	108,����,2023-07-11,58.3,15.4,09:52
	108,����,2023-07-12,0.7,0.5,03:25
	108,����,2023-07-13,91.6,35.0,13:59
	108,����,2023-07-14,72.7,20.3,-23:35
	108,����,2023-07-15,2.3,0.6,02:03
	108,����,2023-07-16,9.7,9.6,11:55
	108,����,2023-07-17,1.4,1.5,23:30
	108,����,2023-07-18,2.3,0.8,10:46
	108,����,2023-07-19,,,
	108,����,2023-07-20,,,
	108,����,2023-07-21,,,
	108,����,2023-07-22,12.3,10.1,18:23
	108,����,2023-07-23,40.2,9.1,06:57
	108,����,2023-07-24,0.4,0.4,00:30
	108,����,2023-07-25,5.6,5.5,
	108,����,2023-07-26,1.0,1.0,09:15
	108,����,2023-07-27,0.0,0.0,
	108,����,2023-07-28,,,
	108,����,2023-07-29,,,
	108,����,2023-07-30,25.0,20.0,18:01
	108,����,2023-07-31,0.3,0.3,14:55
	108,����,2023-08-01,,,
	108,����,2023-08-02,,,
	108,����,2023-08-03,,,
	108,����,2023-08-04,,,
	108,����,2023-08-05,,,
	108,����,2023-08-06,4.9,4.9,15:11
	108,����,2023-08-07,,,
	108,����,2023-08-08,,,
	108,����,2023-08-09,0.2,0.2,
	108,����,2023-08-10,86.1,13.6,16:18
	108,����,2023-08-11,46.7,13.6,10:35
	108,����,2023-08-12,1.5,1.2,14:38
	108,����,2023-08-13,,,
	108,����,2023-08-14,,,
	108,����,2023-08-15,,,
	108,����,2023-08-16,0.3,0.3,17:10
	108,����,2023-08-17,,,
	108,����,2023-08-18,0.1,0.1,
	108,����,2023-08-19,,,
	108,����,2023-08-20,0.0,0.0,
	108,����,2023-08-21,0.0,0.0,
	108,����,2023-08-22,42.6,29.0,17:03
	108,����,2023-08-23,41.8,15.6,11:54
	108,����,2023-08-24,5.2,4.3,03:36
	108,����,2023-08-25,0.0,0.0,
	108,����,2023-08-26,,,
	108,����,2023-08-27,0.0,0.0,
	108,����,2023-08-28,10.4,2.9,07:22
	108,����,2023-08-29,54.8,27.2,10:58
	108,����,2023-08-30,3.5,2.3,16:16
	108,����,2023-08-31,,,
	108,����,2023-09-01,,,
	108,����,2023-09-02,,,
	108,����,2023-09-03,0.1,0.1,
	108,����,2023-09-04,0.3,0.2,
	108,����,2023-09-05,0.0,0.0,
	108,����,2023-09-06,,,
	108,����,2023-09-07,,,
	108,����,2023-09-08,,,
	108,����,2023-09-09,,,
	108,����,2023-09-10,,,
	108,����,2023-09-11,,,
	108,����,2023-09-12,,,
	108,����,2023-09-13,15.9,2.9,15:56
	108,����,2023-09-14,,,
	108,����,2023-09-15,2.1,0.9,07:05
	108,����,2023-09-16,38.7,28.0,21:01
	108,����,2023-09-17,3.0,11.4,-23:31
	108,����,2023-09-18,,,
	108,����,2023-09-19,,,
	108,����,2023-09-20,35.8,9.6,15:36
	108,����,2023-09-21,0.0,0.0,
	108,����,2023-09-22,,,
	108,����,2023-09-23,,,
	108,����,2023-09-24,,,
	108,����,2023-09-25,1.9,1.0,22:22
	108,����,2023-09-26,27.8,6.1,02:04
	108,����,2023-09-27,4.4,1.4,03:44
	108,����,2023-09-28,,,
	108,����,2023-09-29,,,
	108,����,2023-09-30,4.5,4.2,13:33
	108,����,2023-10-01,,,
	108,����,2023-10-02,,,
	108,����,2023-10-03,,,
	108,����,2023-10-04,14.7,11.7,16:07
	108,����,2023-10-05,,,
	108,����,2023-10-06,,,
	108,����,2023-10-07,,,
	108,����,2023-10-08,0.0,0.0,
	108,����,2023-10-09,1.2,0.7,20:55
	108,����,2023-10-10,,,
	108,����,2023-10-11,,,
	108,����,2023-10-12,,,
	108,����,2023-10-13,,,
	108,����,2023-10-14,5.8,2.2,11:11
	108,����,2023-10-15,,,
	108,����,2023-10-16,,,
	108,����,2023-10-17,,,
	108,����,2023-10-18,,,
	108,����,2023-10-19,8.2,7.5,07:12
	108,����,2023-10-20,,,
	108,����,2023-10-21,1.1,1.1,07:40
	108,����,2023-10-22,,,
	108,����,2023-10-23,,,
	108,����,2023-10-24,,,
	108,����,2023-10-25,,,
	108,����,2023-10-26,0.0,0.0,
	108,����,2023-10-27,,,
	108,����,2023-10-28,,,
	108,����,2023-10-29,,,
	108,����,2023-10-30,,,
	108,����,2023-10-31,,,
	108,����,2023-11-01,0.0,,
	108,����,2023-11-02,,,
	108,����,2023-11-03,8.5,,
	108,����,2023-11-04,,,
	108,����,2023-11-05,10.4,,
	108,����,2023-11-06,45.8,,
	108,����,2023-11-07,0.0,,
	108,����,2023-11-08,,,
	108,����,2023-11-09,5.1,,
	108,����,2023-11-10,,,
	108,����,2023-11-11,,,
	108,����,2023-11-12,,,
	108,����,2023-11-13,,,
	108,����,2023-11-14,,,
	108,����,2023-11-15,,,
	108,����,2023-11-16,8.4,,
	108,����,2023-11-17,0.0,,
	108,����,2023-11-18,,,
	108,����,2023-11-19,,,
	108,����,2023-11-20,,,
	108,����,2023-11-21,,,
	108,����,2023-11-22,,,
	108,����,2023-11-23,0.1,,
	108,����,2023-11-24,,,
	108,����,2023-11-25,,,
	108,����,2023-11-26,0.0,,
	108,����,2023-11-27,3.6,,
	108,����,2023-11-28,0.0,,
	108,����,2023-11-29,0.0,,
	108,����,2023-11-30,,,
	108,����,2023-12-01,,,
	108,����,2023-12-02,0.0,,
	108,����,2023-12-03,,,
	108,����,2023-12-04,,,
	108,����,2023-12-05,,,
	108,����,2023-12-06,3.8,,
	108,����,2023-12-07,,,
	108,����,2023-12-08,,,
	108,����,2023-12-09,,,
	108,����,2023-12-10,0.0,,
	108,����,2023-12-11,11.4,,
	108,����,2023-12-12,0.4,,
	108,����,2023-12-13,,,
	108,����,2023-12-14,17.0,,
	108,����,2023-12-15,31.1,,
	108,����,2023-12-16,1.5,,
	108,����,2023-12-17,,,
	108,����,2023-12-18,,,
	108,����,2023-12-19,0.3,,
	108,����,2023-12-20,0.8,,
	108,����,2023-12-21,,,
	108,����,2023-12-22,,,
	108,����,2023-12-23,,,
	108,����,2023-12-24,1.1,,
	108,����,2023-12-25,0.7,,
	108,����,2023-12-26,,,
	108,����,2023-12-27,,,
	108,����,2023-12-28,,,
	108,����,2023-12-29,,,
	108,����,2023-12-30,13.1,,
	108,����,2023-12-31,4.7,,
	108,����,2024-01-01,0.0,,
	108,����,2024-01-02,0.0,,
	108,����,2024-01-03,0.6,,
	108,����,2024-01-04,,,
	108,����,2024-01-05,0.0,,
	108,����,2024-01-06,2.4,,
	108,����,2024-01-07,,,
	108,����,2024-01-08,,,
	108,����,2024-01-09,1.6,,
	108,����,2024-01-10,,,
	108,����,2024-01-11,,,
	108,����,2024-01-12,,,
	108,����,2024-01-13,,,
	108,����,2024-01-14,3.1,,
	108,����,2024-01-15,,,
	108,����,2024-01-16,,,
	108,����,2024-01-17,9.7,,
	108,����,2024-01-18,0.5,,
	108,����,2024-01-19,,,
	108,����,2024-01-20,0.4,,
	108,����,2024-01-21,0.4,,
	108,����,2024-01-22,0.2,,
	108,����,2024-01-23,,,
	108,����,2024-01-24,,,
	108,����,2024-01-25,,,
	108,����,2024-01-26,,,
	108,����,2024-01-27,,,
	108,����,2024-01-28,,,
	108,����,2024-01-29,,,
	108,����,2024-01-30,,,
	108,����,2024-01-31,,,
	108,����,2024-02-01,,,
	108,����,2024-02-02,,,
	108,����,2024-02-03,0.0,,
	108,����,2024-02-04,,,
	108,����,2024-02-05,3.9,,
	108,����,2024-02-06,0.2,,
	108,����,2024-02-07,0.0,,
	108,����,2024-02-08,,,
	108,����,2024-02-09,,,
	108,����,2024-02-10,,,
	108,����,2024-02-11,0.0,,
	108,����,2024-02-12,,,
	108,����,2024-02-13,,,
	108,����,2024-02-14,,,
	108,����,2024-02-15,10.9,,
	108,����,2024-02-16,,,
	108,����,2024-02-17,,,
	108,����,2024-02-18,17.1,,
	108,����,2024-02-19,8.9,,
	108,����,2024-02-20,2.6,,
	108,����,2024-02-21,17.8,,
	108,����,2024-02-22,8.8,,
	108,����,2024-02-23,0.4,,
	108,����,2024-02-24,2.3,,
	108,����,2024-02-25,1.8,,
	108,����,2024-02-26,,,
	108,����,2024-02-27,,,
	108,����,2024-02-28,,,
	108,����,2024-02-29,,,
	108,����,2024-03-01,,,
	108,����,2024-03-02,0.0,,
	108,����,2024-03-03,,,
	108,����,2024-03-04,,,
	108,����,2024-03-05,,,
	108,����,2024-03-06,,,
	108,����,2024-03-07,2.1,,
	108,����,2024-03-08,,,
	108,����,2024-03-09,,,
	108,����,2024-03-10,,,
	108,����,2024-03-11,,,
	108,����,2024-03-12,2.1,,
	108,����,2024-03-13,,,
	108,����,2024-03-14,,,
	108,����,2024-03-15,,,
	108,����,2024-03-16,,,
	108,����,2024-03-17,0.1,,
	108,����,2024-03-18,,,
	108,����,2024-03-19,0.2,,
	108,����,2024-03-20,,,
	108,����,2024-03-21,,,
	108,����,2024-03-22,5.4,,
	108,����,2024-03-23,0.1,,
	108,����,2024-03-24,,,
	108,����,2024-03-25,5.1,,
	108,����,2024-03-26,11.5,,
	108,����,2024-03-27,,,
	108,����,2024-03-28,1.9,,
	108,����,2024-03-29,1.4,,
	108,����,2024-03-30,,,
	108,����,2024-03-31,,,
	108,����,2024-04-01,,,
	108,����,2024-04-02,,,
	108,����,2024-04-03,0.0,0.0,
	108,����,2024-04-04,,,
	108,����,2024-04-05,,,
	108,����,2024-04-06,,,
	108,����,2024-04-07,,,
	108,����,2024-04-08,,,
	108,����,2024-04-09,,,
	108,����,2024-04-10,,,
	108,����,2024-04-11,0.0,0.0,
	108,����,2024-04-12,,,
	108,����,2024-04-13,,,
	108,����,2024-04-14,,,
	108,����,2024-04-15,17.1,8.0,08:47
	108,����,2024-04-16,2.3,1.2,07:29
	108,����,2024-04-17,,,
	108,����,2024-04-18,,,
	108,����,2024-04-19,,,
	108,����,2024-04-20,4.8,1.2,18:19
	108,����,2024-04-21,,,
	108,����,2024-04-22,,,
	108,����,2024-04-23,0.0,0.0,
	108,����,2024-04-24,9.0,4.3,05:42
	108,����,2024-04-25,,,
	108,����,2024-04-26,,,
	108,����,2024-04-27,,,
	108,����,2024-04-28,,,
	108,����,2024-04-29,,,
	108,����,2024-04-30,,,
	108,����,2024-05-01,,,
	108,����,2024-05-02,,,
	108,����,2024-05-03,,,
	108,����,2024-05-04,0.0,0.0,
	108,����,2024-05-05,48.3,8.1,14:10
	108,����,2024-05-06,12.3,4.1,01:28
	108,����,2024-05-07,2.4,1.2,05:16
	108,����,2024-05-08,,,
	108,����,2024-05-09,,,
	108,����,2024-05-10,,,
	108,����,2024-05-11,31.7,7.7,16:53
	108,����,2024-05-12,,,
	108,����,2024-05-13,,,
	108,����,2024-05-14,,,
	108,����,2024-05-15,20.6,3.9,15:25
	108,����,2024-05-16,0.1,0.3,-23:31
	108,����,2024-05-17,,,
	108,����,2024-05-18,,,
	108,����,2024-05-19,,,
	108,����,2024-05-20,,,
	108,����,2024-05-21,,,
	108,����,2024-05-22,,,
	108,����,2024-05-23,,,
	108,����,2024-05-24,,,
	108,����,2024-05-25,,,
	108,����,2024-05-26,8.7,3.0,16:56
	108,����,2024-05-27,,,
	108,����,2024-05-28,,,
	108,����,2024-05-29,,,
	108,����,2024-05-30,,,
	108,����,2024-05-31,1.0,1.0,
	108,����,2024-06-01,0.0,0.0,
	108,����,2024-06-02,,,
	108,����,2024-06-03,,,
	108,����,2024-06-04,,,
	108,����,2024-06-05,,,
	108,����,2024-06-06,,,
	108,����,2024-06-07,0.8,0.8,22:59
	108,����,2024-06-08,16.9,12.4,09:03
	108,����,2024-06-09,,,
	108,����,2024-06-10,,,
	108,����,2024-06-11,,,
	108,����,2024-06-12,,,
	108,����,2024-06-13,,,
	108,����,2024-06-14,,,
	108,����,2024-06-15,6.1,5.1,03:28
	108,����,2024-06-16,,,
	108,����,2024-06-17,,,
	108,����,2024-06-18,,,
	108,����,2024-06-19,,,
	108,����,2024-06-20,,,
	108,����,2024-06-21,,,
	108,����,2024-06-22,16.5,4.7,10:14
	108,����,2024-06-23,5.1,3.0,20:49
	108,����,2024-06-24,0.0,0.0,
	108,����,2024-06-25,,,
	108,����,2024-06-26,,,
	108,����,2024-06-27,,,
	108,����,2024-06-28,,,
	108,����,2024-06-29,38.3,20.7,20:35
	108,����,2024-06-30,32.2,15.9,00:06
	108,����,2024-07-01,,,
	108,����,2024-07-02,65.1,24.0,11:27
	108,����,2024-07-03,0.8,1.2,-23:31
	108,����,2024-07-04,3.6,3.6,21:55
	108,����,2024-07-05,4.1,3.3,-23:44
	108,����,2024-07-06,2.8,2.0,04:49
	108,����,2024-07-07,28.7,26.8,18:13
	
	
	
		
	
	



