		������ȣ,������,�Ͻ�,������(hr),������(%),�ϻ���(MJ/m2)
		108,����,2019-01-01,7.5,78.1,7.84
		108,����,2019-01-02,8.7,90.6,10.48
		108,����,2019-01-03,8.7,89.7,10.28
		108,����,2019-01-04,3.9,40.2,6.2
		108,����,2019-01-05,8.6,88.7,10.05
		108,����,2019-01-06,7.7,79.4,9.64
		108,����,2019-01-07,7,72.2,8.71
		108,����,2019-01-08,8.7,89.7,10.46
		108,����,2019-01-09,7.4,76.3,8.47
		108,����,2019-01-10,3.1,31.6,5.92
		108,����,2019-01-11,6.9,70.4,8.53
		108,����,2019-01-12,6,61.2,7.71
		108,����,2019-01-13,8.6,87.8,9.97
		108,����,2019-01-14,0.4,4.1,6.03
		108,����,2019-01-15,4.7,47.5,6.93
		108,����,2019-01-16,8.6,86.9,10.36
		108,����,2019-01-17,8.7,87.9,11.07
		108,����,2019-01-18,8.5,85.9,10.4
		108,����,2019-01-19,2.9,29.3,6.27
		108,����,2019-01-20,8.8,88,11.56
		108,����,2019-01-21,1,10,3.07
		108,����,2019-01-22,8.5,85,9.85
		108,����,2019-01-23,8.6,86,10.85
		108,����,2019-01-24,8.8,87.1,11.71
		108,����,2019-01-25,8.7,86.1,11.56
		108,����,2019-01-26,8.8,87.1,12.29
		108,����,2019-01-27,6.7,65.7,10.31
		108,����,2019-01-28,8.7,85.3,11.76
		108,����,2019-01-29,8.7,85.3,11.87
		108,����,2019-01-30,7.7,74.8,9.13
		108,����,2019-01-31,3.4,33,5.97
		108,����,2019-02-01,5.7,55.3,9.71
		108,����,2019-02-02,1.6,15.5,4.48
		108,����,2019-02-03,0,0,0.54
		108,����,2019-02-04,8.6,82.7,12.74
		108,����,2019-02-05,7.8,74.3,11.81
		108,����,2019-02-06,3.3,31.4,6.87
		108,����,2019-02-07,8.7,82.9,13.09
		108,����,2019-02-08,8.4,79.2,12.08
		108,����,2019-02-09,9.3,87.7,13.27
		108,����,2019-02-10,2.2,20.8,7.83
		108,����,2019-02-11,9.4,87.9,14.53
		108,����,2019-02-12,8.5,79.4,12.34
		108,����,2019-02-13,9.2,86,14.15
		108,����,2019-02-14,9.2,85.2,14.39
		108,����,2019-02-15,0,0,3.57
		108,����,2019-02-16,8.8,80.7,13.19
		108,����,2019-02-17,9.8,89.9,16.08
		108,����,2019-02-18,5.6,51.4,10.19
		108,����,2019-02-19,0.6,5.5,3.43
		108,����,2019-02-20,2.2,20,6.26
		108,����,2019-02-21,9.6,87.3,14.6
		108,����,2019-02-22,9.5,85.6,15.33
		108,����,2019-02-23,9.1,82,16.04
		108,����,2019-02-24,10,89.3,16.07
		108,����,2019-02-25,8,71.4,14.21
		108,����,2019-02-26,9.5,84.8,16.25
		108,����,2019-02-27,7.8,69,12.84
		108,����,2019-02-28,8.1,71.7,14.07
		108,����,2019-03-01,9.9,87.6,15.38
		108,����,2019-03-02,7.5,65.8,13.57
		108,����,2019-03-03,7.9,69.3,15.37
		108,����,2019-03-04,9.2,80,14.87
		108,����,2019-03-05,2.5,21.7,9.21
		108,����,2019-03-06,3,26.1,10.39
		108,����,2019-03-07,10.1,87.1,15.76
		108,����,2019-03-08,10.7,92.2,18.67
		108,����,2019-03-09,9.7,82.9,14.44
		108,����,2019-03-10,0.3,2.6,8.91
		108,����,2019-03-11,3.6,30.5,9.72
		108,����,2019-03-12,1.8,15.3,5.15
		108,����,2019-03-13,10.1,85.6,17.87
		108,����,2019-03-14,7,58.8,14.02
		108,����,2019-03-15,2.8,23.5,9.93
		108,����,2019-03-16,5,41.7,11.76
		108,����,2019-03-17,9.9,82.5,19.62
		108,����,2019-03-18,8.7,72.5,16.33
		108,����,2019-03-19,8.3,68.6,15.01
		108,����,2019-03-20,0,0,4.38
		108,����,2019-03-21,3.9,32,7.51
		108,����,2019-03-22,11.1,91,21.87
		108,����,2019-03-23,7.9,64.8,12.62
		108,����,2019-03-24,11.3,91.9,22.16
		108,����,2019-03-25,1.7,13.8,7.53
		108,����,2019-03-26,9.9,79.8,20.42
		108,����,2019-03-27,3.4,27.4,10.84
		108,����,2019-03-28,9.9,79.8,18.21
		108,����,2019-03-29,10.5,84,21.22
		108,����,2019-03-30,3,24,6.76
		108,����,2019-03-31,3.2,25.4,8.22
		108,����,2019-04-01,11.7,92.9,23.42
		108,����,2019-04-02,11.7,92.9,22.96
		108,����,2019-04-03,11.7,92.1,22.61
		108,����,2019-04-04,11.7,92.1,22.72
		108,����,2019-04-05,9.3,72.7,20.11
		108,����,2019-04-06,0.5,3.9,4.48
		108,����,2019-04-07,11.4,89.1,21.77
		108,����,2019-04-08,10.9,84.5,23.74
		108,����,2019-04-09,0.8,6.2,5.64
		108,����,2019-04-10,1.1,8.5,6.98
		108,����,2019-04-11,9.8,75.4,20.94
		108,����,2019-04-12,11.4,87.7,23.73
		108,����,2019-04-13,10.8,82.4,22.96
		108,����,2019-04-14,5,38.2,8.35
		108,����,2019-04-15,12.1,91.7,24.07
		108,����,2019-04-16,11.5,87.1,23.58
		108,����,2019-04-17,12.2,92.4,24.94
		108,����,2019-04-18,1.5,11.3,5.88
		108,����,2019-04-19,5.9,44.4,15.84
		108,����,2019-04-20,5,37.6,14.63
		108,����,2019-04-21,4.1,30.6,13.42
		108,����,2019-04-22,11.1,82.8,23.42
		108,����,2019-04-23,4.2,31.3,13.14
		108,����,2019-04-24,8,59.3,18.91
		108,����,2019-04-25,0,0,3.48
		108,����,2019-04-26,0,0,3.51
		108,����,2019-04-27,10.3,75.7,23.24
		108,����,2019-04-28,3.4,25,12.09
		108,����,2019-04-29,3.3,24.1,9.81
		108,����,2019-04-30,11.2,81.8,21.75
		108,����,2019-05-01,10.9,79.6,24.41
		108,����,2019-05-02,12.7,92,27.27
		108,����,2019-05-03,12.4,89.9,25.59
		108,����,2019-05-04,10.7,77.5,22.12
		108,����,2019-05-05,11.1,79.9,25.14
		108,����,2019-05-06,12.8,92.1,28.25
		108,����,2019-05-07,12.9,92.8,27.02
		108,����,2019-05-08,12.2,87.1,23.39
		108,����,2019-05-09,12.1,86.4,25.46
		108,����,2019-05-10,12.3,87.9,25.19
		108,����,2019-05-11,12.7,90.1,25.19
		108,����,2019-05-12,12,85.1,21.82
		108,����,2019-05-13,1,7.1,8.51
		108,����,2019-05-14,13,91.5,25.35
		108,����,2019-05-15,8.4,59.2,21.24
		108,����,2019-05-16,12.5,88,25.19
		108,����,2019-05-17,4.2,29.6,14.72
		108,����,2019-05-18,4.3,30.1,16.28
		108,����,2019-05-19,0,0,5.22
		108,����,2019-05-20,10.5,73.4,24.95
		108,����,2019-05-21,13.1,91.6,28.89
		108,����,2019-05-22,12.6,87.5,27.5
		108,����,2019-05-23,13.2,91.7,27.36
		108,����,2019-05-24,12.7,88.2,26.13
		108,����,2019-05-25,7.1,49.3,18.83
		108,����,2019-05-26,11,75.9,25.81
		108,����,2019-05-27,0,0,2.33
		108,����,2019-05-28,13,89.7,28.01
		108,����,2019-05-29,13.3,91.7,28.48
		108,����,2019-05-30,7,48.3,18.28
		108,����,2019-05-31,12.3,84.2,27.46
		108,����,2019-06-01,9.4,64.4,21.1
		108,����,2019-06-02,13,89,26.48
		108,����,2019-06-03,12.3,84.2,25.57
		108,����,2019-06-04,12.8,87.7,26.21
		108,����,2019-06-05,8.9,61,24.14
		108,����,2019-06-06,0,0,5.33
		108,����,2019-06-07,3.7,25.2,13.41
		108,����,2019-06-08,9.3,63.3,21.14
		108,����,2019-06-09,4.2,28.6,16.87
		108,����,2019-06-10,0.6,4.1,11.01
		108,����,2019-06-11,10.7,72.8,21.58
		108,����,2019-06-12,13,88.4,25.26
		108,����,2019-06-13,12.3,83.7,27.4
		108,����,2019-06-14,6.1,41.2,19.46
		108,����,2019-06-15,12.2,82.4,25.94
		108,����,2019-06-16,11.1,75,22.45
		108,����,2019-06-17,12.7,85.8,25.36
		108,����,2019-06-18,2,13.5,11.26
		108,����,2019-06-19,0.9,6.1,11.24
		108,����,2019-06-20,6.9,46.6,20.91
		108,����,2019-06-21,3.4,23,12.51
		108,����,2019-06-22,13,87.8,27.01
		108,����,2019-06-23,12.9,87.2,26.05
		108,����,2019-06-24,13.6,91.9,27.57
		108,����,2019-06-25,13.4,90.5,27.13
		108,����,2019-06-26,1.1,7.4,12.11
		108,����,2019-06-27,3.9,26.4,14.79
		108,����,2019-06-28,2.4,16.2,10.92
		108,����,2019-06-29,4.1,27.7,12.49
		108,����,2019-06-30,5.2,35.4,16.32
		108,����,2019-07-01,10.9,74.1,20.33
		108,����,2019-07-02,11.9,81,21.13
		108,����,2019-07-03,3.3,22.4,12.62
		108,����,2019-07-04,12.7,86.4,27.41
		108,����,2019-07-05,11.8,80.3,24.78
		108,����,2019-07-06,11.8,80.3,25.87
		108,����,2019-07-07,9.8,66.7,22.4
		108,����,2019-07-08,9.3,63.7,20.54
		108,����,2019-07-09,7.7,52.7,18.2
		108,����,2019-07-10,3.1,21.2,13.4
		108,����,2019-07-11,0,0,8.59
		108,����,2019-07-12,7,47.9,18.43
		108,����,2019-07-13,4.1,28.1,15
		108,����,2019-07-14,7.8,53.8,20.36
		108,����,2019-07-15,0.1,0.7,7.32
		108,����,2019-07-16,4,27.6,13.41
		108,����,2019-07-17,1,6.9,11.19
		108,����,2019-07-18,3.2,22.1,12.78
		108,����,2019-07-19,9.8,68.1,21.8
		108,����,2019-07-20,1.2,8.3,10.92
		108,����,2019-07-21,0.6,4.2,6.18
		108,����,2019-07-22,6.1,42.4,13.12
		108,����,2019-07-23,4,27.8,13.34
		108,����,2019-07-24,0,0,3.17
		108,����,2019-07-25,0,0,3.47
		108,����,2019-07-26,0,0,2.35
		108,����,2019-07-27,4.7,32.9,15.31
		108,����,2019-07-28,0,0,2.87
		108,����,2019-07-29,2.6,18.3,9.43
		108,����,2019-07-30,1.6,11.3,8.26
		108,����,2019-07-31,0,0,3.01
		108,����,2019-08-01,4.9,34.8,13.55
		108,����,2019-08-02,8.3,58.9,15.74
		108,����,2019-08-03,10.6,75.7,21.04
		108,����,2019-08-04,8.6,61.4,17.53
		108,����,2019-08-05,11.2,80,20.66
		108,����,2019-08-06,9.9,71.2,22.91
		108,����,2019-08-07,1.9,13.7,6.91
		108,����,2019-08-08,7.5,54,15.87
		108,����,2019-08-09,10.8,77.7,19.37
		108,����,2019-08-10,11.6,84.1,22.69
		108,����,2019-08-11,9.8,71,21.52
		108,����,2019-08-12,0.3,2.2,4.8
		108,����,2019-08-13,7.3,53.3,16.91
		108,����,2019-08-14,9.2,67.2,20.99
		108,����,2019-08-15,0.1,0.7,5.51
		108,����,2019-08-16,7.5,55.1,14.1
		108,����,2019-08-17,8.1,59.6,13.25
		108,����,2019-08-18,10.7,79.3,18.61
		108,����,2019-08-19,11.1,82.2,18.16
		108,����,2019-08-20,10.5,77.8,21.06
		108,����,2019-08-21,3.2,23.9,11.43
		108,����,2019-08-22,10.7,79.9,23.16
		108,����,2019-08-23,12,89.6,23.84
		108,����,2019-08-24,3,22.6,8.25
		108,����,2019-08-25,9.9,74.4,17.85
		108,����,2019-08-26,9.2,69.7,18.4
		108,����,2019-08-27,5.6,42.4,13.22
		108,����,2019-08-28,,0,
		108,����,2019-08-29,4.9,37.4,
		108,����,2019-08-30,8.8,67.2,17.84
		108,����,2019-08-31,12.1,92.4,21.07
		108,����,2019-09-01,6.9,53.1,15.17
		108,����,2019-09-02,7.4,56.9,16.85
		108,����,2019-09-03,2.9,22.5,11.6
		108,����,2019-09-04,1.1,8.5,5.68
		108,����,2019-09-05,1.5,11.6,6.07
		108,����,2019-09-06,0.4,3.1,9.29
		108,����,2019-09-07,0,0,2.95
		108,����,2019-09-08,1.4,11,9.31
		108,����,2019-09-09,2,15.7,10.04
		108,����,2019-09-10,1,7.9,5.74
		108,����,2019-09-11,6.9,54.8,16.56
		108,����,2019-09-12,0,0,4.09
		108,����,2019-09-13,10.9,87.2,21.35
		108,����,2019-09-14,0.2,1.6,3.34
		108,����,2019-09-15,10.6,84.8,18.19
		108,����,2019-09-16,9.4,75.8,19.91
		108,����,2019-09-17,10.6,85.5,20.01
		108,����,2019-09-18,11.7,94.4,21.9
		108,����,2019-09-19,10.2,82.9,19.83
		108,����,2019-09-20,1.3,10.6,8.64
		108,����,2019-09-21,0,0,4.44
		108,����,2019-09-22,0,0,3.2
		108,����,2019-09-23,9,73.8,16.92
		108,����,2019-09-24,11.4,94.2,20.17
		108,����,2019-09-25,8.8,72.7,16.44
		108,����,2019-09-26,8.1,67.5,15.5
		108,����,2019-09-27,3.5,29.2,10.42
		108,����,2019-09-28,10.1,84.2,15.97
		108,����,2019-09-29,11.1,93.3,18.83
		108,����,2019-09-30,10.5,88.2,18.37
		108,����,2019-10-01,7.5,63.6,13.05
		108,����,2019-10-02,0,0,3.4
		108,����,2019-10-03,6,50.8,10.14
		108,����,2019-10-04,9.9,84.6,16.23
		108,����,2019-10-05,2.3,19.7,8.24
		108,����,2019-10-06,9.4,81,16.17
		108,����,2019-10-07,0,0,1.49
		108,����,2019-10-08,10.3,88.8,16.78
		108,����,2019-10-09,10.6,92.2,17.42
		108,����,2019-10-10,1.1,9.6,8.06
		108,����,2019-10-11,10.3,90.4,16.44
		108,����,2019-10-12,10.5,92.1,17.37
		108,����,2019-10-13,10.6,93,16.52
		108,����,2019-10-14,10.1,89.4,14.54
		108,����,2019-10-15,7.7,68.1,14.07
		108,����,2019-10-16,9.8,87.5,15.6
		108,����,2019-10-17,7.4,66.1,12.02
		108,����,2019-10-18,8,71.4,12.08
		108,����,2019-10-19,10.2,91.9,15.17
		108,����,2019-10-20,9.3,83.8,14.67
		108,����,2019-10-21,9.6,86.5,14.4
		108,����,2019-10-22,9.1,82.7,13.66
		108,����,2019-10-23,0.7,6.4,8.08
		108,����,2019-10-24,6.6,60.6,11.56
		108,����,2019-10-25,7.1,65.1,12.29
		108,����,2019-10-26,8.7,79.8,13.08
		108,����,2019-10-27,9.8,90.7,14.45
		108,����,2019-10-28,7.3,67.6,11.62
		108,����,2019-10-29,9,83.3,12.41
		108,����,2019-10-30,9.6,89.7,14.08
		108,����,2019-10-31,8,74.8,10.34
		108,����,2019-11-01,9.5,88.8,13.85
		108,����,2019-11-02,3.3,31.1,7.69
		108,����,2019-11-03,7.8,73.6,12.51
		108,����,2019-11-04,9.7,91.5,13.83
		108,����,2019-11-05,8,76.2,11.04
		108,����,2019-11-06,7.5,71.4,10.63
		108,����,2019-11-07,9.5,91.3,13.4
		108,����,2019-11-08,9.7,93.3,13.98
		108,����,2019-11-09,9.7,93.3,13.15
		108,����,2019-11-10,3.3,32,6.6
		108,����,2019-11-11,7.2,69.9,8.97
		108,����,2019-11-12,5.7,55.3,8.06
		108,����,2019-11-13,0,0,1.25
		108,����,2019-11-14,9.7,95.1,13.15
		108,����,2019-11-15,0.1,1,1.92
		108,����,2019-11-16,5.6,54.9,8.92
		108,����,2019-11-17,0,0,1.32
		108,����,2019-11-18,8,79.2,10.26
		108,����,2019-11-19,9.4,93.1,11.93
		108,����,2019-11-20,9.4,93.1,12.18
		108,����,2019-11-21,5.7,57,7.4
		108,����,2019-11-22,9,90,11.2
		108,����,2019-11-23,8,80,8.5
		108,����,2019-11-24,1.8,18.2,3.84
		108,����,2019-11-25,5.8,58.6,7.87
		108,����,2019-11-26,7.9,79.8,9.78
		108,����,2019-11-27,8.3,83.8,10.43
		108,����,2019-11-28,9,91.8,11.21
		108,����,2019-11-29,9.3,94.9,11.4
		108,����,2019-11-30,5.3,54.1,8.01
		108,����,2019-12-01,0,0,1.89
		108,����,2019-12-02,8.8,89.8,10.42
		108,����,2019-12-03,3.1,31.6,5.01
		108,����,2019-12-04,8.7,89.7,10.18
		108,����,2019-12-05,9.2,94.8,11.34
		108,����,2019-12-06,9.3,95.9,11.24
		108,����,2019-12-07,1.1,11.3,2.86
		108,����,2019-12-08,8.9,91.8,10.65
		108,����,2019-12-09,1.4,14.4,3.46
		108,����,2019-12-10,2,20.6,5.03
		108,����,2019-12-11,5.2,54.2,5.75
		108,����,2019-12-12,9.1,94.8,10.73
		108,����,2019-12-13,3.4,35.4,6.07
		108,����,2019-12-14,8.3,86.5,10.07
		108,����,2019-12-15,7.3,76,8.91
		108,����,2019-12-16,6.6,68.8,7.71
		108,����,2019-12-17,0,0,1.17
		108,����,2019-12-18,8.4,87.5,9.83
		108,����,2019-12-19,8.5,88.5,9.96
		108,����,2019-12-20,8.9,92.7,10.45
		108,����,2019-12-21,1.9,19.8,3.35
		108,����,2019-12-22,5.2,54.2,7.2
		108,����,2019-12-23,2.4,25,5.1
		108,����,2019-12-24,8,83.3,9.43
		108,����,2019-12-25,3.3,34.4,6.64
		108,����,2019-12-26,1.3,13.5,3.72
		108,����,2019-12-27,9,93.8,10.36
		108,����,2019-12-28,5.8,60.4,8.09
		108,����,2019-12-29,0,0,3.28
		108,����,2019-12-30,0,0,2.24
		108,����,2019-12-31,9.1,94.8,11.11
		108,����,2020-01-01,0.8,8.3,4.53
		108,����,2020-01-02,0,0,3.47
		108,����,2020-01-03,8.8,90.7,10.1
		108,����,2020-01-04,7.9,81.4,9.29
		108,����,2020-01-05,7.1,73.2,9.1
		108,����,2020-01-06,0,0,2.03
		108,����,2020-01-07,0,0,0.75
		108,����,2020-01-08,0,0,1.84
		108,����,2020-01-09,8.7,89.7,9.14
		108,����,2020-01-10,7.5,76.5,9.39
		108,����,2020-01-11,8.1,82.7,10.13
		108,����,2020-01-12,8.6,87.8,10.33
		108,����,2020-01-13,8.1,82.7,11.15
		108,����,2020-01-14,8.5,86.7,10.06
		108,����,2020-01-15,9.2,92.9,11.6
		108,����,2020-01-16,8.3,83.8,10.75
		108,����,2020-01-17,7.6,76.8,9.85
		108,����,2020-01-18,9.1,91.9,11.38
		108,����,2020-01-19,4.8,48.5,6.08
		108,����,2020-01-20,8.7,87,10.24
		108,����,2020-01-21,9.2,92,11.55
		108,����,2020-01-22,3.7,37,6.8
		108,����,2020-01-23,8.8,88,10.73
		108,����,2020-01-24,8.8,87.1,10.53
		108,����,2020-01-25,3.6,35.6,7.86
		108,����,2020-01-26,7.3,72.3,11.21
		108,����,2020-01-27,0,0,2.76
		108,����,2020-01-28,0,0,3.98
		108,����,2020-01-29,3.1,30.4,7.3
		108,����,2020-01-30,5.5,53.4,9.24
		108,����,2020-01-31,6.1,59.2,9.41
		108,����,2020-02-01,5.3,51.5,7.17
		108,����,2020-02-02,4.8,46.6,8.39
		108,����,2020-02-03,9.6,92.3,13.56
		108,����,2020-02-04,6.4,61.5,10.01
		108,����,2020-02-05,9.7,92.4,14.82
		108,����,2020-02-06,9.7,92.4,13.97
		108,����,2020-02-07,6.1,58.1,10.14
		108,����,2020-02-08,9.6,90.6,13.89
		108,����,2020-02-09,9.6,90.6,14.33
		108,����,2020-02-10,9.7,91.5,14.22
		108,����,2020-02-11,7.6,71,10.91
		108,����,2020-02-12,0,0,2.86
		108,����,2020-02-13,1.3,12.1,6.43
		108,����,2020-02-14,8.7,80.6,13.13
		108,����,2020-02-15,5,46.3,8.77
		108,����,2020-02-16,1.6,14.8,4.14
		108,����,2020-02-17,3.2,29.4,7.08
		108,����,2020-02-18,10.1,92.7,16.78
		108,����,2020-02-19,7.4,67.3,12.13
		108,����,2020-02-20,9.4,85.5,13.71
		108,����,2020-02-21,1.1,10,6.5
		108,����,2020-02-22,5.9,53.2,9.06
		108,����,2020-02-23,10.2,91.9,17.37
		108,����,2020-02-24,7.7,69.4,13.21
		108,����,2020-02-25,0.6,5.4,4.11
		108,����,2020-02-26,4.8,42.9,10.45
		108,����,2020-02-27,10.4,92,16.77
		108,����,2020-02-28,0,0,2.41
		108,����,2020-02-29,9.5,84.1,17.12
		108,����,2020-03-01,0.2,1.8,5.4
		108,����,2020-03-02,10,87.7,17.08
		108,����,2020-03-03,4.1,35.7,10.62
		108,����,2020-03-04,6.6,57.4,10.41
		108,����,2020-03-05,10.9,94.8,19.25
		108,����,2020-03-06,10.6,91.4,16.82
		108,����,2020-03-07,5.9,50.9,13
		108,����,2020-03-08,10.7,91.5,18.27
		108,����,2020-03-09,7.1,60.7,14.19
		108,����,2020-03-10,0,0,2.72
		108,����,2020-03-11,11.2,94.9,20.72
		108,����,2020-03-12,8.1,68.6,14.32
		108,����,2020-03-13,9.7,81.5,17.82
		108,����,2020-03-14,10,84,18.6
		108,����,2020-03-15,8.5,71.4,17.29
		108,����,2020-03-16,11.3,94.2,21.18
		108,����,2020-03-17,4.2,35,6.89
		108,����,2020-03-18,11.1,91.7,20.66
		108,����,2020-03-19,7.7,63.6,15.51
		108,����,2020-03-20,11,90.9,20.58
		108,����,2020-03-21,6.1,50,14.83
		108,����,2020-03-22,11.6,95.1,22.54
		108,����,2020-03-23,11.5,93.5,20.72
		108,����,2020-03-24,11.5,93.5,21.06
		108,����,2020-03-25,9.2,74.2,19.29
		108,����,2020-03-26,4.3,34.7,11.97
		108,����,2020-03-27,7.4,59.7,17.04
		108,����,2020-03-28,9.1,72.8,19.87
		108,����,2020-03-29,11.6,92.8,23.12
		108,����,2020-03-30,11.7,93.6,22.73
		108,����,2020-03-31,10,79.4,20.68
		108,����,2020-04-01,8.6,68.3,19.12
		108,����,2020-04-02,10.6,83.5,21.25
		108,����,2020-04-03,10.7,84.3,22.56
		108,����,2020-04-04,10.4,81.3,23.33
		108,����,2020-04-05,12.1,94.5,24.58
		108,����,2020-04-06,11.4,89.1,22.51
		108,����,2020-04-07,9,69.8,19.3
		108,����,2020-04-08,12.3,95.3,24.86
		108,����,2020-04-09,11.8,91.5,24.79
		108,����,2020-04-10,9.2,70.8,21.07
		108,����,2020-04-11,8.8,67.7,19.4
		108,����,2020-04-12,8.3,63.4,19.25
		108,����,2020-04-13,12.2,93.1,26.02
		108,����,2020-04-14,12.1,92.4,25.93
		108,����,2020-04-15,10,75.8,21.49
		108,����,2020-04-16,10.6,80.3,22.96
		108,����,2020-04-17,0.3,2.3,4.23
		108,����,2020-04-18,10.4,78.2,23.09
		108,����,2020-04-19,0.3,2.3,5.25
		108,����,2020-04-20,1.3,9.7,7.34
		108,����,2020-04-21,10.1,75.4,23.63
		108,����,2020-04-22,5.3,39.6,15.89
		108,����,2020-04-23,11.8,87.4,25.72
		108,����,2020-04-24,12,88.9,26.61
		108,����,2020-04-25,8.5,62.5,18.9
		108,����,2020-04-26,12.5,91.9,28.36
		108,����,2020-04-27,9.7,71.3,22.98
		108,����,2020-04-28,12.6,92,26.97
		108,����,2020-04-29,12.2,89.1,26.1
		108,����,2020-04-30,8.2,59.9,24.03
		108,����,2020-05-01,6.1,44.2,18.96
		108,����,2020-05-02,0.2,1.4,9.43
		108,����,2020-05-03,5.9,42.8,19.41
		108,����,2020-05-04,10.1,72.7,25.42
		108,����,2020-05-05,3.3,23.7,9.41
		108,����,2020-05-06,12.8,92.1,28.51
		108,����,2020-05-07,8.7,62.1,23.93
		108,����,2020-05-08,7.5,53.6,23.26
		108,����,2020-05-09,0,0,3
		108,����,2020-05-10,0.4,2.8,6.77
		108,����,2020-05-11,7.2,51.1,22.98
		108,����,2020-05-12,5,35.5,13.6
		108,����,2020-05-13,13,92.2,29.7
		108,����,2020-05-14,6.6,46.5,20.64
		108,����,2020-05-15,0,0,3.43
		108,����,2020-05-16,0.6,4.2,7.6
		108,����,2020-05-17,3.9,27.3,15.26
		108,����,2020-05-18,3.2,22.4,14.07
		108,����,2020-05-19,3,21,15.29
		108,����,2020-05-20,4.5,31.5,20.91
		108,����,2020-05-21,9.4,65.3,24.35
		108,����,2020-05-22,0.7,4.9,13.07
		108,����,2020-05-23,6.8,47.2,23.24
		108,����,2020-05-24,1.1,7.6,10.59
		108,����,2020-05-25,2.5,17.2,16.88
		108,����,2020-05-26,4.8,33.1,18.49
		108,����,2020-05-27,13.2,91,30.06
		108,����,2020-05-28,8.4,57.9,22.83
		108,����,2020-05-29,12.7,87.6,28.09
		108,����,2020-05-30,11.3,77.4,26.5
		108,����,2020-05-31,5,34.2,19.15
		108,����,2020-06-01,11.5,78.8,30.35
		108,����,2020-06-02,0.2,1.4,5.89
		108,����,2020-06-03,9.5,65.1,24.64
		108,����,2020-06-04,4.7,32.2,19.77
		108,����,2020-06-05,8.8,59.9,23.36
		108,����,2020-06-06,8.6,58.5,23.38
		108,����,2020-06-07,9.2,62.6,26.04
		108,����,2020-06-08,11.3,76.9,26.13
		108,����,2020-06-09,12.9,87.8,28.36
		108,����,2020-06-10,5.2,35.4,18.85
		108,����,2020-06-11,8,54.4,26.03
		108,����,2020-06-12,0.5,3.4,11.51
		108,����,2020-06-13,9.7,66,28.11
		108,����,2020-06-14,8.1,54.7,22.52
		108,����,2020-06-15,10.1,68.2,26.53
		108,����,2020-06-16,7.5,50.7,24.74
		108,����,2020-06-17,5.9,39.9,21.25
		108,����,2020-06-18,0.1,0.7,11
		108,����,2020-06-19,6,40.5,19.6
		108,����,2020-06-20,11.7,79.1,24.75
		108,����,2020-06-21,13.5,91.2,27.82
		108,����,2020-06-22,13.3,89.9,28.95
		108,����,2020-06-23,5.1,34.5,16.97
		108,����,2020-06-24,0,0,2.91
		108,����,2020-06-25,0.1,0.7,6.11
		108,����,2020-06-26,3.1,20.9,13.03
		108,����,2020-06-27,7.4,50,22.18
		108,����,2020-06-28,12.4,83.8,28.6
		108,����,2020-06-29,1.7,11.6,8.4
		108,����,2020-06-30,0,0,6.2
		108,����,2020-07-01,0.2,1.4,9.47
		108,����,2020-07-02,5.4,36.7,19.15
		108,����,2020-07-03,9.6,65.3,27.47
		108,����,2020-07-04,9.5,64.6,26.88
		108,����,2020-07-05,6.4,43.5,20.85
		108,����,2020-07-06,5,34,19.28
		108,����,2020-07-07,4,27.4,15.15
		108,����,2020-07-08,10,68.5,25.81
		108,����,2020-07-09,7.7,52.7,23.1
		108,����,2020-07-10,3.1,21.2,12.3
		108,����,2020-07-11,6.6,45.2,21.82
		108,����,2020-07-12,0,0,7.67
		108,����,2020-07-13,0,0,4.58
		108,����,2020-07-14,0.1,0.7,12.46
		108,����,2020-07-15,9.3,64.1,26.6
		108,����,2020-07-16,10.2,70.3,25.76
		108,����,2020-07-17,7.5,51.7,22.28
		108,����,2020-07-18,4.3,29.7,15.49
		108,����,2020-07-19,0,0,4.92
		108,����,2020-07-20,0,0,5.15
		108,����,2020-07-21,4,27.8,17.83
		108,����,2020-07-22,0,0,4.5
		108,����,2020-07-23,0,0,2.72
		108,����,2020-07-24,1,7,10.46
		108,����,2020-07-25,1.9,13.3,15.59
		108,����,2020-07-26,5.6,39.2,18.14
		108,����,2020-07-27,0,0,7.72
		108,����,2020-07-28,0,0,8.38
		108,����,2020-07-29,0,0,3.18
		108,����,2020-07-30,3,21.3,15.34
		108,����,2020-07-31,5,35.5,14.5
		108,����,2020-08-01,0,0,5.31
		108,����,2020-08-02,0,0,2.55
		108,����,2020-08-03,0,0,3.09
		108,����,2020-08-04,0.4,2.9,8.06
		108,����,2020-08-05,0.1,0.7,5.02
		108,����,2020-08-06,0.2,1.4,6.74
		108,����,2020-08-07,0,0,6.7
		108,����,2020-08-08,1.8,12.9,6.96
		108,����,2020-08-09,0,0,1.43
		108,����,2020-08-10,0.2,1.4,7.77
		108,����,2020-08-11,0.5,3.6,7.44
		108,����,2020-08-12,2.1,15.3,13.62
		108,����,2020-08-13,0.2,1.5,7.96
		108,����,2020-08-14,0,0,4.14
		108,����,2020-08-15,0,0,3.25
		108,����,2020-08-16,2.4,17.6,14.3
		108,����,2020-08-17,5.8,43,18.44
		108,����,2020-08-18,7.9,58.5,19.81
		108,����,2020-08-19,9.4,69.6,22.54
		108,����,2020-08-20,3.1,23.1,15.16
		108,����,2020-08-21,0.8,6,8.74
		108,����,2020-08-22,0.6,4.5,7.56
		108,����,2020-08-23,6.8,51.1,18.72
		108,����,2020-08-24,8.8,66.2,20.25
		108,����,2020-08-25,7.6,57.6,21.21
		108,����,2020-08-26,7.5,56.8,19.68
		108,����,2020-08-27,0.5,3.8,5.5
		108,����,2020-08-28,2,15.3,10.18
		108,����,2020-08-29,1.7,13,8.7
		108,����,2020-08-30,2.4,18.3,12.89
		108,����,2020-08-31,1.9,14.6,12.25
		108,����,2020-09-01,1,7.7,11.35
		108,����,2020-09-02,0,0,3.34
		108,����,2020-09-03,2.8,21.7,13.51
		108,����,2020-09-04,10.1,78.3,21.21
		108,����,2020-09-05,3.3,25.8,14.49
		108,����,2020-09-06,0,0,7.13
		108,����,2020-09-07,0,0,3.37
		108,����,2020-09-08,9.5,74.8,21.87
		108,����,2020-09-09,3.1,24.4,12.29
		108,����,2020-09-10,9,71.4,19.17
		108,����,2020-09-11,4.5,35.7,12.87
		108,����,2020-09-12,0,0,7.34
		108,����,2020-09-13,9.8,78.4,20.53
		108,����,2020-09-14,5.7,45.6,13.86
		108,����,2020-09-15,5.1,41.1,16.56
		108,����,2020-09-16,0.3,2.4,6.21
		108,����,2020-09-17,0.7,5.6,9.35
		108,����,2020-09-18,9.8,79.7,21.24
		108,����,2020-09-19,9.7,78.9,21.25
		108,����,2020-09-20,11.4,93.4,22.19
		108,����,2020-09-21,9.6,78.7,19.54
		108,����,2020-09-22,10.7,87.7,21.71
		108,����,2020-09-23,7.2,59.5,16.99
		108,����,2020-09-24,8,66.1,18.54
		108,����,2020-09-25,3.5,28.9,13.39
		108,����,2020-09-26,8,66.7,15.92
		108,����,2020-09-27,9.8,81.7,18.7
		108,����,2020-09-28,10.5,88.2,19.29
		108,����,2020-09-29,6.3,52.9,14.84
		108,����,2020-09-30,4.9,41.5,14
		108,����,2020-10-01,2.5,21.2,10.89
		108,����,2020-10-02,1.9,16.1,6.34
		108,����,2020-10-03,1.8,15.4,9.79
		108,����,2020-10-04,4.3,36.8,12.36
		108,����,2020-10-05,10.5,90.5,19.44
		108,����,2020-10-06,10.8,93.1,19.81
		108,����,2020-10-07,8.9,76.7,16.99
		108,����,2020-10-08,10.8,93.9,19.27
		108,����,2020-10-09,10.6,92.2,18.55
		108,����,2020-10-10,7.6,66.7,15.28
		108,����,2020-10-11,4.9,43,11.45
		108,����,2020-10-12,7.5,65.8,13.59
		108,����,2020-10-13,7.1,62.8,14.16
		108,����,2020-10-14,5.8,51.3,12.19
		108,����,2020-10-15,7.2,63.7,14.48
		108,����,2020-10-16,0,0,5.28
		108,����,2020-10-17,10.1,90.2,17.65
		108,����,2020-10-18,9.7,87.4,15.96
		108,����,2020-10-19,9.8,88.3,15.27
		108,����,2020-10-20,10,90.1,15.67
		108,����,2020-10-21,0.1,0.9,4.72
		108,����,2020-10-22,5.4,49.1,11.01
		108,����,2020-10-23,9.9,90.8,17.01
		108,����,2020-10-24,9.9,90.8,16.65
		108,����,2020-10-25,8.8,80.7,13.83
		108,����,2020-10-26,9.2,85.2,13.69
		108,����,2020-10-27,8.3,76.9,12.23
		108,����,2020-10-28,9.2,85.2,15.27
		108,����,2020-10-29,9,84.1,13.77
		108,����,2020-10-30,9.7,90.7,14.62
		108,����,2020-10-31,5.8,54.2,11.03
		108,����,2020-11-01,0,0,1.61
		108,����,2020-11-02,9.6,90.6,14.6
		108,����,2020-11-03,9.2,86.8,15.22
		108,����,2020-11-04,9.6,91.4,15.36
		108,����,2020-11-05,8.4,80,12.77
		108,����,2020-11-06,0.3,2.9,5.65
		108,����,2020-11-07,7,67.3,11.01
		108,����,2020-11-08,9.5,91.3,14.66
		108,����,2020-11-09,6,58.3,10.48
		108,����,2020-11-10,9.6,93.2,13.61
		108,����,2020-11-11,9.6,93.2,12.96
		108,����,2020-11-12,9.4,91.3,12.27
		108,����,2020-11-13,5.5,53.9,8.92
		108,����,2020-11-14,8,78.4,11.58
		108,����,2020-11-15,6.8,66.7,9.52
		108,����,2020-11-16,8.4,83.2,10.76
		108,����,2020-11-17,1.3,12.9,5.7
		108,����,2020-11-18,0,0,2.63
		108,����,2020-11-19,0,0,0.96
		108,����,2020-11-20,0,0,2.74
		108,����,2020-11-21,6.6,66,10.52
		108,����,2020-11-22,0.4,4,3.61
		108,����,2020-11-23,9.2,92,12.35
		108,����,2020-11-24,1.3,13.1,6.33
		108,����,2020-11-25,4.6,46.5,8.32
		108,����,2020-11-26,6.6,66.7,9.8
		108,����,2020-11-27,5,50.5,8.52
		108,����,2020-11-28,9,91.8,11.89
		108,����,2020-11-29,1.5,15.3,5.61
		108,����,2020-11-30,9.1,92.9,11.55
		108,����,2020-12-01,7.3,74.5,10.69
		108,����,2020-12-02,3.4,34.7,6.38
		108,����,2020-12-03,9.1,93.8,11.52
		108,����,2020-12-04,9,92.8,11.62
		108,����,2020-12-05,5.1,52.6,8.18
		108,����,2020-12-06,6,61.9,8.37
		108,����,2020-12-07,7.4,76.3,8.93
		108,����,2020-12-08,8.7,89.7,11.4
		108,����,2020-12-09,5.9,60.8,8.48
		108,����,2020-12-10,1.1,11.5,4.74
		108,����,2020-12-11,2.4,25,5.85
		108,����,2020-12-12,8.6,89.6,10.22
		108,����,2020-12-13,1.1,11.5,1.9
		108,����,2020-12-14,8.9,92.7,11.44
		108,����,2020-12-15,9,93.8,11.61
		108,����,2020-12-16,9,93.8,11.44
		108,����,2020-12-17,9,93.8,11.15
		108,����,2020-12-18,5.5,57.3,8.45
		108,����,2020-12-19,9,93.8,11.27
		108,����,2020-12-20,9.1,94.8,11
		108,����,2020-12-21,8.8,91.7,9.99
		108,����,2020-12-22,5.2,54.2,7.83
		108,����,2020-12-23,1.7,17.7,4.6
		108,����,2020-12-24,7.9,82.3,9.82
		108,����,2020-12-25,9,93.8,10.88
		108,����,2020-12-26,8.2,85.4,8.99
		108,����,2020-12-27,5.9,61.5,8.12
		108,����,2020-12-28,8,83.3,9.12
		108,����,2020-12-29,0,0,1.98
		108,����,2020-12-30,8.3,86.5,11.36
		108,����,2020-12-31,6,62.5,9.06
		108,����,2021-01-01,6.5,67.7,9.54
		108,����,2021-01-02,9,93.8,11.34
		108,����,2021-01-03,5.5,56.7,8.8
		108,����,2021-01-04,4.6,47.4,7.44
		108,����,2021-01-05,8.6,88.7,10.46
		108,����,2021-01-06,9.1,93.8,11.78
		108,����,2021-01-07,,0,
		108,����,2021-01-08,9.2,94.8,12.38
		108,����,2021-01-09,9,92.8,11.59
		108,����,2021-01-10,6.2,63.3,9.84
		108,����,2021-01-11,0,0,4.47
		108,����,2021-01-12,3.6,36.7,6.13
		108,����,2021-01-13,6.1,62.2,8.27
		108,����,2021-01-14,8,81.6,10.21
		108,����,2021-01-15,0,0,2.11
		108,����,2021-01-16,8.9,89.9,11.86
		108,����,2021-01-17,7,70.7,10.83
		108,����,2021-01-18,2.5,25.3,4.54
		108,����,2021-01-19,9.2,92,12.48
		108,����,2021-01-20,8.9,89,11.92
		108,����,2021-01-21,0,0,2.77
		108,����,2021-01-22,0,0,2.34
		108,����,2021-01-23,5.3,52.5,9.72
		108,����,2021-01-24,8.2,81.2,12.4
		108,����,2021-01-25,7.6,75.2,10.74
		108,����,2021-01-26,0,0,1.95
		108,����,2021-01-27,8.4,82.4,12.4
		108,����,2021-01-28,2.3,22.5,6.14
		108,����,2021-01-29,9.6,93.2,14.42
		108,����,2021-01-30,6.4,62.1,10.46
		108,����,2021-01-31,6.7,65,10.92
		108,����,2021-02-01,1.1,10.7,5.8
		108,����,2021-02-02,9.6,92.3,14.69
		108,����,2021-02-03,6.6,63.5,11.7
		108,����,2021-02-04,9.6,92.3,15.33
		108,����,2021-02-05,2.7,25.7,7.95
		108,����,2021-02-06,0.1,1,4.77
		108,����,2021-02-07,6,57.1,11.38
		108,����,2021-02-08,9.6,90.6,15.91
		108,����,2021-02-09,9.7,91.5,15.46
		108,����,2021-02-10,0.7,6.5,6.15
		108,����,2021-02-11,5.2,48.6,11.22
		108,����,2021-02-12,9.2,86,14.72
		108,����,2021-02-13,9.3,86.1,14.36
		108,����,2021-02-14,1.7,15.7,7.21
		108,����,2021-02-15,4.3,39.8,9.69
		108,����,2021-02-16,2.8,25.7,7.31
		108,����,2021-02-17,9.8,89.9,17.28
		108,����,2021-02-18,9.9,90.8,17.05
		108,����,2021-02-19,8.9,80.9,14.8
		108,����,2021-02-20,7.8,70.9,15.25
		108,����,2021-02-21,9.7,87.4,15.34
		108,����,2021-02-22,6.3,56.8,13.04
		108,����,2021-02-23,10,90.1,17.53
		108,����,2021-02-24,8.4,75,16.1
		108,����,2021-02-25,0,0,5.22
		108,����,2021-02-26,9.1,80.5,18.2
		108,����,2021-02-27,10.3,91.2,17.96
		108,����,2021-02-28,2.6,23,7.13
		108,����,2021-03-01,0,0,1.4
		108,����,2021-03-02,4.7,41.2,12.9
		108,����,2021-03-03,10.4,90.4,16.52
		108,����,2021-03-04,1.9,16.5,9.85
		108,����,2021-03-05,10.5,91.3,18.95
		108,����,2021-03-06,3.6,31,12.71
		108,����,2021-03-07,9.6,82.8,18.17
		108,����,2021-03-08,10.8,92.3,19.12
		108,����,2021-03-09,9.4,80.3,15.57
		108,����,2021-03-10,10.2,87.2,19.1
		108,����,2021-03-11,7.9,66.9,16.6
		108,����,2021-03-12,0.1,0.8,7.41
		108,����,2021-03-13,6,50.8,14.87
		108,����,2021-03-14,8.2,68.9,17.99
		108,����,2021-03-15,2.7,22.7,12.75
		108,����,2021-03-16,10.6,88.3,21.13
		108,����,2021-03-17,10.7,89.2,20.79
		108,����,2021-03-18,8.1,66.9,16.63
		108,����,2021-03-19,8.8,72.7,19.09
		108,����,2021-03-20,0,0,2
		108,����,2021-03-21,2.9,23.8,10.42
		108,����,2021-03-22,11.1,91,22.58
		108,����,2021-03-23,10.3,83.7,20.89
		108,����,2021-03-24,7.9,64.2,19.53
		108,����,2021-03-25,9.7,78.9,20.86
		108,����,2021-03-26,7.3,58.9,16.98
		108,����,2021-03-27,0,0,3.72
		108,����,2021-03-28,0,0,2.35
		108,����,2021-03-29,7.1,56.8,18.24
		108,����,2021-03-30,11.1,88.8,24.53
		108,����,2021-03-31,11.4,90.5,23.29
		108,����,2021-04-01,10,79.4,20.91
		108,����,2021-04-02,3.4,26.8,15.37
		108,����,2021-04-03,0,0,1.98
		108,����,2021-04-04,1.5,11.8,12.91
		108,����,2021-04-05,12,93.8,25.81
		108,����,2021-04-06,10.6,82.8,23.34
		108,����,2021-04-07,11.9,92.2,24.49
		108,����,2021-04-08,12.1,93.8,25.85
		108,����,2021-04-09,11.9,92.2,25.3
		108,����,2021-04-10,11.5,88.5,23.77
		108,����,2021-04-11,10.6,81.5,22.57
		108,����,2021-04-12,0,0,5.39
		108,����,2021-04-13,2.9,22.1,14.95
		108,����,2021-04-14,12.4,94.7,27.31
		108,����,2021-04-15,11.1,84.1,24.78
		108,����,2021-04-16,3.7,28,8.59
		108,����,2021-04-17,3.5,26.5,13.62
		108,����,2021-04-18,11.9,89.5,26.94
		108,����,2021-04-19,12.1,91,26.18
		108,����,2021-04-20,11,82.1,24.8
		108,����,2021-04-21,11.1,82.8,25.12
		108,����,2021-04-22,2.6,19.4,15.7
		108,����,2021-04-23,0.3,2.2,8.36
		108,����,2021-04-24,1.6,11.9,13.65
		108,����,2021-04-25,11.5,84.6,27.12
		108,����,2021-04-26,9.2,67.6,21.57
		108,����,2021-04-27,0.5,3.7,10.37
		108,����,2021-04-28,2.2,16.2,16.09
		108,����,2021-04-29,4.4,32.1,15.99
		108,����,2021-04-30,1.1,8,9.45
		108,����,2021-05-01,1.2,8.7,11.89
		108,����,2021-05-02,10.8,78.3,27.71
		108,����,2021-05-03,11.6,84.1,27.7
		108,����,2021-05-04,0,0,3.68
		108,����,2021-05-05,11.5,82.7,28.34
		108,����,2021-05-06,10.6,76.3,23.81
		108,����,2021-05-07,5.9,42.4,17.12
		108,����,2021-05-08,8.9,63.6,23.01
		108,����,2021-05-09,13,92.9,30.44
		108,����,2021-05-10,0,0,4.69
		108,����,2021-05-11,13.2,93.6,27.17
		108,����,2021-05-12,11,78,26.51
		108,����,2021-05-13,12.8,90.8,27.3
		108,����,2021-05-14,10.8,76.1,24.38
		108,����,2021-05-15,0.5,3.5,9.42
		108,����,2021-05-16,0,0,3.05
		108,����,2021-05-17,0,0,5.21
		108,����,2021-05-18,8.4,58.7,24.12
		108,����,2021-05-19,13.2,92.3,29.93
		108,����,2021-05-20,0,0,6.8
		108,����,2021-05-21,0.9,6.3,7.35
		108,����,2021-05-22,12.7,88.2,28.69
		108,����,2021-05-23,6,41.7,19.28
		108,����,2021-05-24,9.1,63.2,26.9
		108,����,2021-05-25,6.4,44.1,19.29
		108,����,2021-05-26,5.3,36.6,17.95
		108,����,2021-05-27,0.5,3.4,5.08
		108,����,2021-05-28,1.9,13.1,11.26
		108,����,2021-05-29,3.9,26.9,10.45
		108,����,2021-05-30,11.6,79.5,29.45
		108,����,2021-05-31,2,13.7,12.52
		108,����,2021-06-01,1.9,13,13.01
		108,����,2021-06-02,11.9,81.5,26.82
		108,����,2021-06-03,0.2,1.4,5.11
		108,����,2021-06-04,10.9,74.7,29.01
		108,����,2021-06-05,8.4,57.1,23.11
		108,����,2021-06-06,8.3,56.5,23.46
		108,����,2021-06-07,0.3,2,7.02
		108,����,2021-06-08,7.1,48.3,21.25
		108,����,2021-06-09,9.9,67.3,24.78
		108,����,2021-06-10,1.3,8.8,14.13
		108,����,2021-06-11,1.8,12.2,10.08
		108,����,2021-06-12,9.1,61.9,26.92
		108,����,2021-06-13,10.2,69.4,26.48
		108,����,2021-06-14,8.3,56.1,22.29
		108,����,2021-06-15,1.6,10.8,7.61
		108,����,2021-06-16,11.5,77.7,27.3
		108,����,2021-06-17,0.3,2,9.59
		108,����,2021-06-18,0,0,4.5
		108,����,2021-06-19,10.5,70.9,26.47
		108,����,2021-06-20,10.7,72.3,25.87
		108,����,2021-06-21,11.1,75,25.72
		108,����,2021-06-22,6.8,45.9,20.23
		108,����,2021-06-23,7.2,48.6,19.49
		108,����,2021-06-24,5.7,38.5,17.8
		108,����,2021-06-25,9.7,65.5,24.74
		108,����,2021-06-26,2.3,15.5,14.24
		108,����,2021-06-27,8.1,54.7,22.48
		108,����,2021-06-28,2.2,14.9,13.52
		108,����,2021-06-29,4.2,28.6,14.1
		108,����,2021-06-30,4,27.2,16.22
		108,����,2021-07-01,8.2,55.8,20.59
		108,����,2021-07-02,7.4,50.3,22.19
		108,����,2021-07-03,0.9,6.1,7.51
		108,����,2021-07-04,0,0,2.69
		108,����,2021-07-05,0.9,6.1,12.59
		108,����,2021-07-06,4.3,29.3,19.15
		108,����,2021-07-07,1.1,7.5,11.81
		108,����,2021-07-08,2.9,19.9,14.1
		108,����,2021-07-09,3.8,26,14.49
		108,����,2021-07-10,4.2,28.8,17.4
		108,����,2021-07-11,0.1,0.7,7.53
		108,����,2021-07-12,4.9,33.6,19.1
		108,����,2021-07-13,1.4,9.6,11.59
		108,����,2021-07-14,7.1,49,22.48
		108,����,2021-07-15,8.7,60,22.77
		108,����,2021-07-16,10.5,72.4,26.76
		108,����,2021-07-17,8.9,61.4,22.58
		108,����,2021-07-18,8.4,57.9,23.37
		108,����,2021-07-19,3.1,21.5,10.07
		108,����,2021-07-20,3.4,23.6,14.62
		108,����,2021-07-21,11.3,78.5,24.1
		108,����,2021-07-22,11.4,79.2,27.69
		108,����,2021-07-23,12.4,86.7,26.91
		108,����,2021-07-24,12.3,86,27.78
		108,����,2021-07-25,13,90.9,27.63
		108,����,2021-07-26,13.2,92.3,29.3
		108,����,2021-07-27,7.3,51.4,17.22
		108,����,2021-07-28,6.5,45.8,16.37
		108,����,2021-07-29,2.2,15.5,14.86
		108,����,2021-07-30,7.7,54.2,21.86
		108,����,2021-07-31,7.7,54.6,21.19
		108,����,2021-08-01,0,0,6.56
		108,����,2021-08-02,0.6,4.3,8.42
		108,����,2021-08-03,4.3,30.7,13.25
		108,����,2021-08-04,6.1,43.6,19.55
		108,����,2021-08-05,8.9,63.6,20.51
		108,����,2021-08-06,6.3,45.3,18.13
		108,����,2021-08-07,11.3,81.3,23.48
		108,����,2021-08-08,2,14.4,11.91
		108,����,2021-08-09,8.6,62.3,24.73
		108,����,2021-08-10,8.5,61.6,20.07
		108,����,2021-08-11,5.3,38.4,16.55
		108,����,2021-08-12,4.4,32.1,14.8
		108,����,2021-08-13,1.7,12.4,12.03
		108,����,2021-08-14,4.5,32.8,15.6
		108,����,2021-08-15,10.2,75,23.31
		108,����,2021-08-16,10.4,76.5,23.19
		108,����,2021-08-17,5.8,43,17.49
		108,����,2021-08-18,5.8,43,17.87
		108,����,2021-08-19,8.6,63.7,20.95
		108,����,2021-08-20,5.5,40.7,17.21
		108,����,2021-08-21,1,7.5,6.31
		108,����,2021-08-22,0.7,5.2,8.64
		108,����,2021-08-23,0,0,3.81
		108,����,2021-08-24,0,0,4.58
		108,����,2021-08-25,0.7,5.3,8.96
		108,����,2021-08-26,0.2,1.5,8.07
		108,����,2021-08-27,0,0,3.01
		108,����,2021-08-28,3.8,29,15.44
		108,����,2021-08-29,1,7.6,9.6
		108,����,2021-08-30,1.1,8.4,12.46
		108,����,2021-08-31,0,0,2.39
		108,����,2021-09-01,0,0,7.24
		108,����,2021-09-02,1.4,10.8,13.24
		108,����,2021-09-03,11.2,86.8,24.64
		108,����,2021-09-04,9.3,72.1,20.58
		108,����,2021-09-05,4.6,35.9,15.83
		108,����,2021-09-06,2.4,18.8,12.02
		108,����,2021-09-07,0,0,1.8
		108,����,2021-09-08,7.1,55.9,18.18
		108,����,2021-09-09,8,63,18.9
		108,����,2021-09-10,6.4,50.8,16.96
		108,����,2021-09-11,8.7,69,19.54
		108,����,2021-09-12,10.2,81,22.15
		108,����,2021-09-13,6.1,48.8,17.61
		108,����,2021-09-14,10.3,82.4,21.88
		108,����,2021-09-15,11.4,91.9,22.62
		108,����,2021-09-16,9.1,73.4,20.18
		108,����,2021-09-17,6.6,53.2,18.05
		108,����,2021-09-18,8.8,71.5,19.77
		108,����,2021-09-19,2.8,22.8,13.97
		108,����,2021-09-20,10.3,83.7,19.86
		108,����,2021-09-21,4.3,35.2,11.84
		108,����,2021-09-22,6.5,53.3,14.89
		108,����,2021-09-23,8,66.1,18.01
		108,����,2021-09-24,9.9,81.8,18.34
		108,����,2021-09-25,0,0,7.2
		108,����,2021-09-26,8.3,69.2,18.13
		108,����,2021-09-27,2.2,18.3,11.36
		108,����,2021-09-28,0.7,5.9,9.29
		108,����,2021-09-29,0,0,2.85
		108,����,2021-09-30,7.4,62.7,17.2
		108,����,2021-10-01,9.3,78.8,18.42
		108,����,2021-10-02,8.1,68.6,16.92
		108,����,2021-10-03,8.4,71.8,17.47
		108,����,2021-10-04,0,0,2.97
		108,����,2021-10-05,1.5,12.8,8.11
		108,����,2021-10-06,1.2,10.3,3.26
		108,����,2021-10-07,0,0,4.86
		108,����,2021-10-08,0,0,2.8
		108,����,2021-10-09,1.9,16.5,7.05
		108,����,2021-10-10,0,0,3.12
		108,����,2021-10-11,1.7,14.9,8.47
		108,����,2021-10-12,3,26.3,11.55
		108,����,2021-10-13,9,79.6,17.28
		108,����,2021-10-14,6.1,54,12.85
		108,����,2021-10-15,0.7,6.2,7.21
		108,����,2021-10-16,1.5,13.4,8.78
		108,����,2021-10-17,10.3,92,18.7
		108,����,2021-10-18,4.3,38.7,12.08
		108,����,2021-10-19,6.5,58.6,13.34
		108,����,2021-10-20,10,90.1,16.7
		108,����,2021-10-21,4,36.4,5.13
		108,����,2021-10-22,10,90.9,16.45
		108,����,2021-10-23,9.6,87.3,16.25
		108,����,2021-10-24,9.9,90.8,15.97
		108,����,2021-10-25,7,64.2,11.74
		108,����,2021-10-26,8.6,79.6,13.08
		108,����,2021-10-27,8.2,75.9,14.72
		108,����,2021-10-28,9.7,89.8,15.58
		108,����,2021-10-29,8.7,81.3,14.16
		108,����,2021-10-30,1.6,15,6.35
		108,����,2021-10-31,7.6,71,12.25
		108,����,2021-11-01,6.3,59.4,11.32
		108,����,2021-11-02,7.8,73.6,12.69
		108,����,2021-11-03,8.5,80.2,13.24
		108,����,2021-11-04,3.9,37.1,6.9
		108,����,2021-11-05,9.2,87.6,12.76
		108,����,2021-11-06,8.3,79,12.8
		108,����,2021-11-07,6.8,65.4,12.2
		108,����,2021-11-08,0.1,1,2.57
		108,����,2021-11-09,0,0,3.4
		108,����,2021-11-10,3.2,31.1,8.8
		108,����,2021-11-11,6.3,61.2,9.68
		108,����,2021-11-12,8.3,80.6,13.47
		108,����,2021-11-13,5.4,52.9,9.9
		108,����,2021-11-14,6.4,62.7,10.52
		108,����,2021-11-15,7.9,77.5,11.39
		108,����,2021-11-16,9,89.1,12.07
		108,����,2021-11-17,7.3,72.3,11
		108,����,2021-11-18,1.9,18.8,5.68
		108,����,2021-11-19,0.9,8.9,4.98
		108,����,2021-11-20,5.6,56,8.62
		108,����,2021-11-21,0,0,3.3
		108,����,2021-11-22,5.4,54,8.99
		108,����,2021-11-23,5.7,57,8.4
		108,����,2021-11-24,4.9,49.5,7.93
		108,����,2021-11-25,7.9,79.8,10.25
		108,����,2021-11-26,4.7,47.5,7.6
		108,����,2021-11-27,9.2,92.9,11.85
		108,����,2021-11-28,8,81.6,11.02
		108,����,2021-11-29,4.7,48,7.47
		108,����,2021-11-30,0,0,0.84
		108,����,2021-12-01,9.1,92.9,12.23
		108,����,2021-12-02,4.1,41.8,6.48
		108,����,2021-12-03,9.1,93.8,11.85
		108,����,2021-12-04,7.2,74.2,10.46
		108,����,2021-12-05,9.2,94.8,11.07
		108,����,2021-12-06,7.3,75.3,9.37
		108,����,2021-12-07,8.3,85.6,9.35
		108,����,2021-12-08,9.1,93.8,10.53
		108,����,2021-12-09,1.4,14.4,4.98
		108,����,2021-12-10,0,0,1.35
		108,����,2021-12-11,3.5,36.5,7.34
		108,����,2021-12-12,8,83.3,9.67
		108,����,2021-12-13,9.1,94.8,11.43
		108,����,2021-12-14,2.5,26,6.1
		108,����,2021-12-15,0.9,9.4,4.11
		108,����,2021-12-16,5,52.1,7.6
		108,����,2021-12-17,8.7,90.6,10.96
		108,����,2021-12-18,4.3,44.8,6.79
		108,����,2021-12-19,8.9,92.7,8.82
		108,����,2021-12-20,6.1,63.5,8.61
		108,����,2021-12-21,6,62.5,7.93
		108,����,2021-12-22,8.9,92.7,10.21
		108,����,2021-12-23,6.9,71.9,8.85
		108,����,2021-12-24,0,0,2.08
		108,����,2021-12-25,9.1,94.8,11.64
		108,����,2021-12-26,9.1,94.8,11.55
		108,����,2021-12-27,3.8,39.6,6.09
		108,����,2021-12-28,1.7,17.7,4.32
		108,����,2021-12-29,1.8,18.8,4.64
		108,����,2021-12-30,7.3,76,9.14
		108,����,2021-12-31,9,93.8,11.7
		108,����,2022-01-01,9,93.8,10.39
		108,����,2022-01-02,5.4,56.3,8.52
		108,����,2022-01-03,7.8,80.4,9.35
		108,����,2022-01-04,9,92.8,11.3
		108,����,2022-01-05,1.9,19.6,6.12
		108,����,2022-01-06,9.1,93.8,11.22
		108,����,2022-01-07,9.1,93.8,11.12
		108,����,2022-01-08,0.7,7.2,3.68
		108,����,2022-01-09,4.5,46.4,7.16
		108,����,2022-01-10,3.9,39.8,7.25
		108,����,2022-01-11,9.1,92.9,11.91
		108,����,2022-01-12,8.6,87.8,11.93
		108,����,2022-01-13,9.1,92.9,11.9
		108,����,2022-01-14,9.1,92.9,12.1
		108,����,2022-01-15,0.9,9.1,3.76
		108,����,2022-01-16,8.8,88.9,11.98
		108,����,2022-01-17,4.5,45.5,8.07
		108,����,2022-01-18,9.2,92.9,12.4
		108,����,2022-01-19,0,0,2.13
		108,����,2022-01-20,9.1,91,12.29
		108,����,2022-01-21,9.2,92,12.79
		108,����,2022-01-22,6,60,9.7
		108,����,2022-01-23,5.3,52.5,7.67
		108,����,2022-01-24,4,39.6,8.71
		108,����,2022-01-25,0,0,1.7
		108,����,2022-01-26,8.4,83.2,11.54
		108,����,2022-01-27,8.9,87.3,11.72
		108,����,2022-01-28,9.2,90.2,13.65
		108,����,2022-01-29,9.5,93.1,14.07
		108,����,2022-01-30,9.6,93.2,14.1
		108,����,2022-01-31,8,77.7,11.47
		108,����,2022-02-01,4.7,45.6,9.04
		108,����,2022-02-02,9.2,88.5,14.68
		108,����,2022-02-03,9.7,93.3,14.87
		108,����,2022-02-04,7.3,70.2,12.94
		108,����,2022-02-05,9.1,86.7,14.31
		108,����,2022-02-06,9.5,90.5,14.83
		108,����,2022-02-07,6.5,61.9,10.41
		108,����,2022-02-08,8.1,76.4,14.49
		108,����,2022-02-09,9.2,86.8,12.8
		108,����,2022-02-10,9.6,90.6,14.93
		108,����,2022-02-11,8.9,83.2,13.28
		108,����,2022-02-12,9.3,86.9,15.11
		108,����,2022-02-13,3,27.8,9.29
		108,����,2022-02-14,0.9,8.3,7.04
		108,����,2022-02-15,3,27.8,9.99
		108,����,2022-02-16,9,82.6,16.28
		108,����,2022-02-17,9.8,89.9,17.2
		108,����,2022-02-18,8.6,78.9,15.91
		108,����,2022-02-19,2.9,26.4,9.25
		108,����,2022-02-20,10,90.9,18.09
		108,����,2022-02-21,6.5,59.1,11.41
		108,����,2022-02-22,8,72.1,15.64
		108,����,2022-02-23,10.2,91.9,18.78
		108,����,2022-02-24,10.3,92,18.42
		108,����,2022-02-25,6.4,57.1,12.36
		108,����,2022-02-26,0.2,1.8,5.58
		108,����,2022-02-27,10.5,92.9,18.62
		108,����,2022-02-28,3.4,30.1,10.5
		108,����,2022-03-01,2.5,21.9,6.49
		108,����,2022-03-02,10.7,93.9,19.53
		108,����,2022-03-03,10.6,93,19.16
		108,����,2022-03-04,3.7,32.2,10.65
		108,����,2022-03-05,10.5,91.3,20.26
		108,����,2022-03-06,10.8,93.1,21
		108,����,2022-03-07,7,60.3,14.99
		108,����,2022-03-08,8.2,70.7,16.44
		108,����,2022-03-09,8.7,74.4,18.85
		108,����,2022-03-10,9.3,79.5,16.75
		108,����,2022-03-11,5.9,50,14.49
		108,����,2022-03-12,3.2,27.1,12.82
		108,����,2022-03-13,0,0,2.1
		108,����,2022-03-14,0,0,2.18
		108,����,2022-03-15,7.1,59.7,17.55
		108,����,2022-03-16,8.1,67.5,17.67
		108,����,2022-03-17,1.9,15.8,9.49
		108,����,2022-03-18,0,0,5.17
		108,����,2022-03-19,0,0,4.93
		108,����,2022-03-20,6.3,52.1,15.76
		108,����,2022-03-21,6.8,55.7,16.69
		108,����,2022-03-22,11,90.2,21.71
		108,����,2022-03-23,0,0,7.05
		108,����,2022-03-24,0.7,5.7,6.34
		108,����,2022-03-25,1.3,10.6,9.06
		108,����,2022-03-26,0.9,7.3,6.39
		108,����,2022-03-27,10.4,83.9,22.23
		108,����,2022-03-28,11.7,93.6,24.71
		108,����,2022-03-29,11.2,89.6,23.32
		108,����,2022-03-30,1.2,9.6,7.64
		108,����,2022-03-31,3.3,26.2,13.98
		108,����,2022-04-01,10.9,86.5,23.35
		108,����,2022-04-02,11.8,93.7,24.09
		108,����,2022-04-03,11.9,93.7,24.34
		108,����,2022-04-04,11.6,91.3,24.75
		108,����,2022-04-05,9.9,77.3,21.21
		108,����,2022-04-06,8.6,67.2,21.54
		108,����,2022-04-07,10,78.1,24.3
		108,����,2022-04-08,12,93,24.92
		108,����,2022-04-09,9,69.8,21.41
		108,����,2022-04-10,11.5,88.5,24.18
		108,����,2022-04-11,10.2,78.5,24.04
		108,����,2022-04-12,6,45.8,18.23
		108,����,2022-04-13,0,0,4.06
		108,����,2022-04-14,0,0,9.52
		108,����,2022-04-15,12.2,92.4,26.31
		108,����,2022-04-16,12.3,93.2,26.64
		108,����,2022-04-17,11.7,88.6,26
		108,����,2022-04-18,7.8,58.6,20.59
		108,����,2022-04-19,12.1,91,25.17
		108,����,2022-04-20,12.3,91.8,26.26
		108,����,2022-04-21,6.3,47,19.54
		108,����,2022-04-22,0,0,3.06
		108,����,2022-04-23,9.1,67.4,23.47
		108,����,2022-04-24,7,51.9,20.45
		108,����,2022-04-25,0.3,2.2,8.1
		108,����,2022-04-26,9.5,69.9,24.94
		108,����,2022-04-27,11.8,86.8,26.83
		108,����,2022-04-28,8.3,61,22.34
		108,����,2022-04-29,1.5,10.9,13.08
		108,����,2022-04-30,0.8,5.8,12.52
		108,����,2022-05-01,10,72.5,27.41
		108,����,2022-05-02,10.4,75.4,26.03
		108,����,2022-05-03,12.5,90.6,28.07
		108,����,2022-05-04,12.6,90.6,27.22
		108,����,2022-05-05,12.7,91.4,29.35
		108,����,2022-05-06,10.3,74.1,25.6
		108,����,2022-05-07,6.8,48.9,22.57
		108,����,2022-05-08,0,0,6.2
		108,����,2022-05-09,12.8,91.4,29.25
		108,����,2022-05-10,9.5,67.9,27.82
		108,����,2022-05-11,9.8,69.5,25.73
		108,����,2022-05-12,11.4,80.9,27.45
		108,����,2022-05-13,4.8,34,19.95
		108,����,2022-05-14,10.8,76.1,22.58
		108,����,2022-05-15,12.9,90.8,30.01
		108,����,2022-05-16,13.1,92.3,28.89
		108,����,2022-05-17,12.8,90.1,27.56
		108,����,2022-05-18,6.4,44.8,15.71
		108,����,2022-05-19,7.8,54.5,20.97
		108,����,2022-05-20,10.8,75.5,25.74
		108,����,2022-05-21,9.3,65,24.88
		108,����,2022-05-22,9,62.5,24.3
		108,����,2022-05-23,10.4,72.2,26.01
		108,����,2022-05-24,12.3,85.4,28.86
		108,����,2022-05-25,8.1,55.9,22.59
		108,����,2022-05-26,11.6,80,28.88
		108,����,2022-05-27,11.8,81.4,28.71
		108,����,2022-05-28,12.4,85.5,27.49
		108,����,2022-05-29,7,48.3,21.5
		108,����,2022-05-30,0.2,1.4,9.8
		108,����,2022-05-31,12,82.2,27.48
		108,����,2022-06-01,13.5,92.5,30.79
		108,����,2022-06-02,10.4,71.2,27.13
		108,����,2022-06-03,10.6,72.6,27.2
		108,����,2022-06-04,6.2,42.5,18.22
		108,����,2022-06-05,0.1,0.7,8.16
		108,����,2022-06-06,5.5,37.4,21.01
		108,����,2022-06-07,6.2,42.2,17.34
		108,����,2022-06-08,5.1,34.7,16.97
		108,����,2022-06-09,2.6,17.7,10.66
		108,����,2022-06-10,4.8,32.7,15.38
		108,����,2022-06-11,10.7,72.8,26.54
		108,����,2022-06-12,9.3,63.3,24.52
		108,����,2022-06-13,7.7,52.4,20.66
		108,����,2022-06-14,5.7,38.5,18.58
		108,����,2022-06-15,0,0,5.62
		108,����,2022-06-16,3.8,25.7,13
		108,����,2022-06-17,3.2,21.6,17.86
		108,����,2022-06-18,0,0,6.07
		108,����,2022-06-19,0,0,5.06
		108,����,2022-06-20,1.8,12.2,12.59
		108,����,2022-06-21,12.6,85.1,28.94
		108,����,2022-06-22,7.4,50,22.39
		108,����,2022-06-23,0,0,3.41
		108,����,2022-06-24,1.7,11.5,8.5
		108,����,2022-06-25,3,20.3,17.55
		108,����,2022-06-26,0,0,3
		108,����,2022-06-27,0,0,4.75
		108,����,2022-06-28,0,0,3.33
		108,����,2022-06-29,0,0,2.94
		108,����,2022-06-30,0,0,2.42
		108,����,2022-07-01,7.2,49,21.53
		108,����,2022-07-02,10.8,73.5,25.83
		108,����,2022-07-03,10.8,73.5,26.25
		108,����,2022-07-04,3.6,24.5,14.9
		108,����,2022-07-05,2.6,17.7,15.99
		108,����,2022-07-06,1.1,7.5,14.49
		108,����,2022-07-07,0.6,4.1,8.29
		108,����,2022-07-08,0,0,6.94
		108,����,2022-07-09,1.8,12.3,13.64
		108,����,2022-07-10,8.4,57.5,23.08
		108,����,2022-07-11,2.8,19.2,13.85
		108,����,2022-07-12,0.8,5.5,11.82
		108,����,2022-07-13,0,0,1.25
		108,����,2022-07-14,3.9,26.9,17.21
		108,����,2022-07-15,8.9,61.4,24.49
		108,����,2022-07-16,1.5,10.3,10.77
		108,����,2022-07-17,3.6,24.8,16.82
		108,����,2022-07-18,5.2,35.9,21.01
		108,����,2022-07-19,8.4,58.3,23.44
		108,����,2022-07-20,3.1,21.5,17.68
		108,����,2022-07-21,0.5,3.5,6.6
		108,����,2022-07-22,2.5,17.4,13.54
		108,����,2022-07-23,0.1,0.7,9.09
		108,����,2022-07-24,0.4,2.8,8.82
		108,����,2022-07-25,9.6,67.1,25.49
		108,����,2022-07-26,9,62.9,22.31
		108,����,2022-07-27,6,42.3,19.72
		108,����,2022-07-28,9.9,69.7,25.2
		108,����,2022-07-29,7.6,53.5,20.28
		108,����,2022-07-30,9.4,66.2,23.53
		108,����,2022-07-31,0,0,4.93
		108,����,2022-08-01,3.2,22.7,15.09
		108,����,2022-08-02,0,0,4.37
		108,����,2022-08-03,1.3,9.3,8.74
		108,����,2022-08-04,8.7,62.1,22.24
		108,����,2022-08-05,6.3,45,19.58
		108,����,2022-08-06,0.4,2.9,7.48
		108,����,2022-08-07,0.6,4.3,9.26
		108,����,2022-08-08,,0,
		108,����,2022-08-09,0,0,2.42
		108,����,2022-08-10,3.1,22.5,16.23
		108,����,2022-08-11,0.8,5.8,8.81
		108,����,2022-08-12,10.6,77.4,24.86
		108,����,2022-08-13,0.8,5.8,5.06
		108,����,2022-08-14,2.2,16.1,13.95
		108,����,2022-08-15,0,0,6.28
		108,����,2022-08-16,9.2,67.6,23.34
		108,����,2022-08-17,6,44.1,17.1
		108,����,2022-08-18,2.6,19.3,12.57
		108,����,2022-08-19,0,0,5.56
		108,����,2022-08-20,9.6,71.1,23.65
		108,����,2022-08-21,5.5,41,16.37
		108,����,2022-08-22,1.5,11.2,11.71
		108,����,2022-08-23,7.1,53,20.42
		108,����,2022-08-24,2,15,12.34
		108,����,2022-08-25,0,0,4.5
		108,����,2022-08-26,7.8,59.1,19.91
		108,����,2022-08-27,12.4,93.9,27.09
		108,����,2022-08-28,12.1,91.7,24.53
		108,����,2022-08-29,0,0,5.97
		108,����,2022-08-30,0,0,3.06
		108,����,2022-08-31,2.5,19.2,10.32
		108,����,2022-09-01,12.1,93.1,25.02
		108,����,2022-09-02,11.6,89.2,24.51
		108,����,2022-09-03,4.5,34.9,16.39
		108,����,2022-09-04,0,0,3.54
		108,����,2022-09-05,0,0,1.61
		108,����,2022-09-06,8.4,65.6,20.76
		108,����,2022-09-07,11.9,93,24.4
		108,����,2022-09-08,11.8,92.9,23.96
		108,����,2022-09-09,11.1,87.4,23.91
		108,����,2022-09-10,6.5,51.6,18.76
		108,����,2022-09-11,1.8,14.3,10.27
		108,����,2022-09-12,3.5,27.8,13.15
		108,����,2022-09-13,0.1,0.8,7.38
		108,����,2022-09-14,1.1,8.8,10.09
		108,����,2022-09-15,3.4,27.2,12.29
		108,����,2022-09-16,1.8,14.5,10.4
		108,����,2022-09-17,3.8,30.6,11.31
		108,����,2022-09-18,5.7,46.3,15.9
		108,����,2022-09-19,6.9,56.1,18.62
		108,����,2022-09-20,9.7,78.9,18.93
		108,����,2022-09-21,11,90.2,22.18
		108,����,2022-09-22,7.4,60.7,17.9
		108,����,2022-09-23,7.9,65.3,16.53
		108,����,2022-09-24,10.7,88.4,21.67
		108,����,2022-09-25,7.8,64.5,17.94
		108,����,2022-09-26,8.7,72.5,18.48
		108,����,2022-09-27,11.2,93.3,21.17
		108,����,2022-09-28,5,42,12.51
		108,����,2022-09-29,7.9,66.4,17.37
		108,����,2022-09-30,10.6,89.1,19.27
		108,����,2022-10-01,7.9,66.9,17.31
		108,����,2022-10-02,0,0,3.8
		108,����,2022-10-03,0,0,1.06
		108,����,2022-10-04,0.4,3.4,6.5
		108,����,2022-10-05,4.9,41.9,15.62
		108,����,2022-10-06,1.6,13.8,7.74
		108,����,2022-10-07,7.6,65.5,15.08
		108,����,2022-10-08,9.5,81.9,18.48
		108,����,2022-10-09,0,0,2.4
		108,����,2022-10-10,2.3,20,9.31
		108,����,2022-10-11,10.3,90.4,18.72
		108,����,2022-10-12,10.6,93,18.13
		108,����,2022-10-13,10.4,92,17.98
		108,����,2022-10-14,4.9,43.4,13.52
		108,����,2022-10-15,8.2,72.6,16.21
		108,����,2022-10-16,0.6,5.4,6.15
		108,����,2022-10-17,10.1,90.2,18.79
		108,����,2022-10-18,10.2,91.1,18.27
		108,����,2022-10-19,10.2,91.9,17.78
		108,����,2022-10-20,10.1,91,17.2
		108,����,2022-10-21,8.8,80,15.16
		108,����,2022-10-22,9.3,84.5,14.93
		108,����,2022-10-23,7.7,70,14.04
		108,����,2022-10-24,9.9,90.8,16.88
		108,����,2022-10-25,9.9,90.8,16.37
		108,����,2022-10-26,7.3,67.6,12.66
		108,����,2022-10-27,9.2,85.2,14.31
		108,����,2022-10-28,8.3,76.9,14.35
		108,����,2022-10-29,9.3,86.9,14.64
		108,����,2022-10-30,8.9,83.2,13.64
		108,����,2022-10-31,7.6,71,13.19
		108,����,2022-11-01,4.7,44.3,9.52
		108,����,2022-11-02,9.6,90.6,15.45
		108,����,2022-11-03,0.6,5.7,5.36
		108,����,2022-11-04,9.6,91.4,15.6
		108,����,2022-11-05,9.7,92.4,15.06
		108,����,2022-11-06,9.6,91.4,14.19
		108,����,2022-11-07,4.4,42.3,8.35
		108,����,2022-11-08,8.1,77.9,11.55
		108,����,2022-11-09,5.3,51,9.82
		108,����,2022-11-10,7.9,76.7,10.6
		108,����,2022-11-11,8.8,85.4,11.75
		108,����,2022-11-12,2.6,25.2,6.93
		108,����,2022-11-13,0,0,3.61
		108,����,2022-11-14,4.5,44.1,8.25
		108,����,2022-11-15,2.9,28.4,6.96
		108,����,2022-11-16,8.3,81.4,12.11
		108,����,2022-11-17,9.1,90.1,11.46
		108,����,2022-11-18,9.1,90.1,12.08
		108,����,2022-11-19,9,89.1,11.5
		108,����,2022-11-20,9.1,91,11.85
		108,����,2022-11-21,3.1,31,6.36
		108,����,2022-11-22,1.6,16,5.55
		108,����,2022-11-23,7.9,79,11.6
		108,����,2022-11-24,6.5,65.7,9.32
		108,����,2022-11-25,7.6,76.8,10.66
		108,����,2022-11-26,8.6,86.9,11.75
		108,����,2022-11-27,7.4,74.7,10.15
		108,����,2022-11-28,0.8,8.2,3.87
		108,����,2022-11-29,2,20.4,5.34
		108,����,2022-11-30,9.1,92.9,12.17
		108,����,2022-12-01,8.1,82.7,10.23
		108,����,2022-12-02,9,91.8,11.87
		108,����,2022-12-03,2.6,26.8,6.28
		108,����,2022-12-04,1.3,13.4,6.13
		108,����,2022-12-05,8.6,88.7,11.74
		108,����,2022-12-06,4.8,49.5,9.16
		108,����,2022-12-07,7.8,80.4,9.89
		108,����,2022-12-08,9,92.8,9.97
		108,����,2022-12-09,4.9,50.5,7.22
		108,����,2022-12-10,3.6,37.5,6.71
		108,����,2022-12-11,8.9,92.7,11.11
		108,����,2022-12-12,2.3,24,5.05
		108,����,2022-12-13,1.7,17.7,4.85
		108,����,2022-12-14,8.9,92.7,11.41
		108,����,2022-12-15,0,0,2.17
		108,����,2022-12-16,8.2,85.4,10.44
		108,����,2022-12-17,7.4,77.1,10.46
		108,����,2022-12-18,9,93.8,11.42
		108,����,2022-12-19,6.5,67.7,8.93
		108,����,2022-12-20,7.7,80.2,10.1
		108,����,2022-12-21,0,0,2.48
		108,����,2022-12-22,7.4,77.1,10.05
		108,����,2022-12-23,8.4,87.5,10.76
		108,����,2022-12-24,8.9,92.7,10.92
		108,����,2022-12-25,9,93.8,10.89
		108,����,2022-12-26,7.6,79.2,8.27
		108,����,2022-12-27,8.8,91.7,10.25
		108,����,2022-12-28,8.7,90.6,10.86
		108,����,2022-12-29,9,93.8,10.88
		108,����,2022-12-30,7.9,82.3,10.84
		108,����,2022-12-31,1.1,11.5,4.16
		108,����,2023-01-01,9,93.8,10.81
		108,����,2023-01-02,9.1,94.8,11.63
		108,����,2023-01-03,9.1,93.8,11.77
		108,����,2023-01-04,8.7,89.7,10.89
		108,����,2023-01-05,4.7,48.5,6.09
		108,����,2023-01-06,7.1,73.2,8.78
		108,����,2023-01-07,1,10.3,4.78
		108,����,2023-01-08,7.1,73.2,9.37
		108,����,2023-01-09,7.8,80.4,10.53
		108,����,2023-01-10,8.8,89.8,11.33
		108,����,2023-01-11,8.8,89.8,10.86
		108,����,2023-01-12,9,91.8,10.88
		108,����,2023-01-13,0,0,1.11
		108,����,2023-01-14,0,0,1.84
		108,����,2023-01-15,0,0,1.32
		108,����,2023-01-16,8.8,88.9,12.95
		108,����,2023-01-17,0.2,2,5.27
		108,����,2023-01-18,8.9,89.9,12.71
		108,����,2023-01-19,3.1,31.3,7.63
		108,����,2023-01-20,8.7,87,13.49
		108,����,2023-01-21,8.5,85,12.37
		108,����,2023-01-22,0.3,3,4.41
		108,����,2023-01-23,7.3,73,10.15
		108,����,2023-01-24,9.4,93.1,14.08
		108,����,2023-01-25,9.4,93.1,14.08
		108,����,2023-01-26,0,0,4.51
		108,����,2023-01-27,9.4,92.2,14.1
		108,����,2023-01-28,9,88.2,12.58
		108,����,2023-01-29,5.2,51,9.79
		108,����,2023-01-30,9.5,92.2,14.17
		108,����,2023-01-31,3,29.1,6.5
		108,����,2023-02-01,8.9,86.4,13.24
		108,����,2023-02-02,7.6,73.8,10.94
		108,����,2023-02-03,8.6,82.7,13.54
		108,����,2023-02-04,8.2,78.8,13.23
		108,����,2023-02-05,7,66.7,11.35
		108,����,2023-02-06,7.1,67.6,10.69
		108,����,2023-02-07,6.4,61,10.12
		108,����,2023-02-08,9.5,89.6,14.82
		108,����,2023-02-09,6.7,63.2,12.36
		108,����,2023-02-10,2,18.9,7.07
		108,����,2023-02-11,5.5,51.4,10.9
		108,����,2023-02-12,2,18.7,8.48
		108,����,2023-02-13,0.8,7.5,5.44
		108,����,2023-02-14,9.5,88,15.95
		108,����,2023-02-15,9.4,87,15.24
		108,����,2023-02-16,1.9,17.4,6.45
		108,����,2023-02-17,7.5,68.8,13.67
		108,����,2023-02-18,0,0,2.91
		108,����,2023-02-19,7,63.6,14.47
		108,����,2023-02-20,9.5,86.4,18.16
		108,����,2023-02-21,10,90.9,18.25
		108,����,2023-02-22,9.2,82.9,17
		108,����,2023-02-23,10,90.1,15.87
		108,����,2023-02-24,9.8,87.5,17.42
		108,����,2023-02-25,10.2,91.1,18.6
		108,����,2023-02-26,10.4,92.9,18.83
		108,����,2023-02-27,10.5,92.9,18.65
		108,����,2023-02-28,3,26.5,10.26
		108,����,2023-03-01,4.1,36.3,10.19
		108,����,2023-03-02,10.5,92.1,19.45
		108,����,2023-03-03,7.5,65.8,15.67
		108,����,2023-03-04,8.7,75.7,14.91
		108,����,2023-03-05,10.1,87.8,17.21
		108,����,2023-03-06,10,87,18.63
		108,����,2023-03-07,7,60.3,15.35
		108,����,2023-03-08,1.8,15.5,8.39
		108,����,2023-03-09,2,17.1,6.52
		108,����,2023-03-10,9.6,82.1,17.03
		108,����,2023-03-11,7.6,64.4,16.95
		108,����,2023-03-12,0.8,6.8,3.68
		108,����,2023-03-13,9.8,83.1,20.79
		108,����,2023-03-14,9.1,76.5,19.73
		108,����,2023-03-15,1.2,10.1,5.62
		108,����,2023-03-16,6.7,55.8,18.09
		108,����,2023-03-17,4.4,36.7,13.94
		108,����,2023-03-18,9.9,82.5,19.07
		108,����,2023-03-19,11.1,91.7,21.25
		108,����,2023-03-20,10,82.6,20.06
		108,����,2023-03-21,10.8,88.5,21.6
		108,����,2023-03-22,6.2,50.8,16.64
		108,����,2023-03-23,5.3,43.4,14.5
		108,����,2023-03-24,6.6,53.7,16.13
		108,����,2023-03-25,5.7,46.3,15.13
		108,����,2023-03-26,11.1,89.5,24.36
		108,����,2023-03-27,11.1,89.5,22.88
		108,����,2023-03-28,7.4,59.7,18.44
		108,����,2023-03-29,11,88,21.79
		108,����,2023-03-30,11.5,92,23.58
		108,����,2023-03-31,11.2,88.9,22.99
		108,����,2023-04-01,10.8,85.7,21.48
		108,����,2023-04-02,11.7,92.9,24.08
		108,����,2023-04-03,11,86.6,22.95
		108,����,2023-04-04,1.6,12.6,10.78
		108,����,2023-04-05,0,0,1.56
		108,����,2023-04-06,0,0,2.15
		108,����,2023-04-07,10.4,81.3,23.34
		108,����,2023-04-08,11.9,92.2,25.74
		108,����,2023-04-09,12,93,25.54
		108,����,2023-04-10,10.1,78.3,22.29
		108,����,2023-04-11,0,0,2.01
		108,����,2023-04-12,10.7,82.3,24.87
		108,����,2023-04-13,4.4,33.6,16.17
		108,����,2023-04-14,3.3,25.2,14.25
		108,����,2023-04-15,2.3,17.4,9.5
		108,����,2023-04-16,3.2,24.2,14.45
		108,����,2023-04-17,6.1,46.2,17.76
		108,����,2023-04-18,3.6,27.1,10.85
		108,����,2023-04-19,12.3,92.5,27.82
		108,����,2023-04-20,0,0,4.12
		108,����,2023-04-21,7.8,58.2,21.05
		108,����,2023-04-22,5.6,41.8,21.2
		108,����,2023-04-23,4.4,32.8,19.47
		108,����,2023-04-24,7.8,57.8,20.31
		108,����,2023-04-25,0,0,5.22
		108,����,2023-04-26,4.1,30.1,15.52
		108,����,2023-04-27,12.2,89.7,26.55
		108,����,2023-04-28,8.4,61.8,21.25
		108,����,2023-04-29,0.8,5.8,6.04
		108,����,2023-04-30,5.8,42.3,19.71
		108,����,2023-05-01,11.4,83.2,26.8
		108,����,2023-05-02,8.2,59.4,21.58
		108,����,2023-05-03,10.4,75.4,26.2
		108,����,2023-05-04,2.5,18.1,16.89
		108,����,2023-05-05,0,0,1.74
		108,����,2023-05-06,0,0,5.42
		108,����,2023-05-07,2.2,15.8,12.18
		108,����,2023-05-08,12.7,90.7,28.55
		108,����,2023-05-09,12.8,91.4,28.29
		108,����,2023-05-10,12.7,90.7,25.58
		108,����,2023-05-11,12.9,91.5,27.64
		108,����,2023-05-12,6.7,47.5,19.9
		108,����,2023-05-13,8.8,62.4,23.86
		108,����,2023-05-14,9.6,67.6,25.41
		108,����,2023-05-15,11.6,81.7,26.49
		108,����,2023-05-16,12.1,85.2,27.62
		108,����,2023-05-17,11.4,80.3,27.59
		108,����,2023-05-18,1.4,9.8,13.7
		108,����,2023-05-19,9.4,65.7,25.57
		108,����,2023-05-20,9.7,67.8,25.72
		108,����,2023-05-21,5.8,40.6,20.72
		108,����,2023-05-22,7.9,54.9,23.93
		108,����,2023-05-23,13.2,91.7,29.85
		108,����,2023-05-24,6.2,43.1,19.16
		108,����,2023-05-25,10.4,72.2,27.9
		108,����,2023-05-26,10.7,73.8,26.25
		108,����,2023-05-27,0,0,3.13
		108,����,2023-05-28,0,0,2.46
		108,����,2023-05-29,4.1,28.3,15.87
		108,����,2023-05-30,3.7,25.5,18.2
		108,����,2023-05-31,7.1,48.6,23.98
		108,����,2023-06-01,2.2,15.1,15.18
		108,����,2023-06-02,5.2,35.6,14.24
		108,����,2023-06-03,13.3,91.1,31.19
		108,����,2023-06-04,11.1,76,28.74
		108,����,2023-06-05,10.9,74.7,26.6
		108,����,2023-06-06,7.9,53.7,21.98
		108,����,2023-06-07,1,6.8,10.07
		108,����,2023-06-08,0.9,6.1,10.19
		108,����,2023-06-09,11.8,80.3,28.15
		108,����,2023-06-10,5.6,38.1,18.18
		108,����,2023-06-11,6.4,43.5,21.1
		108,����,2023-06-12,6.7,45.6,19.9
		108,����,2023-06-13,9.9,67.3,25.43
		108,����,2023-06-14,4.2,28.4,13.12
		108,����,2023-06-15,8.8,59.5,25.05
		108,����,2023-06-16,12.5,84.5,29.89
		108,����,2023-06-17,10.8,73,27.4
		108,����,2023-06-18,12.3,83.1,28.79
		108,����,2023-06-19,11,74.3,25.29
		108,����,2023-06-20,0,0,5.89
		108,����,2023-06-21,0,0,4.79
		108,����,2023-06-22,6.9,46.6,21.48
		108,����,2023-06-23,5.3,35.8,18.74
		108,����,2023-06-24,9.7,65.5,21.93
		108,����,2023-06-25,8.7,58.8,23.62
		108,����,2023-06-26,0,0,3.39
		108,����,2023-06-27,6.8,45.9,20.95
		108,����,2023-06-28,3.8,25.7,18.56
		108,����,2023-06-29,0,0,2.31
		108,����,2023-06-30,1.4,9.5,10.02
		108,����,2023-07-01,12.4,84.4,29.21
		108,����,2023-07-02,4.3,29.3,19.16
		108,����,2023-07-03,8.8,59.9,25.34
		108,����,2023-07-04,0,0,6.08
		108,����,2023-07-05,4.5,30.6,19.96
		108,����,2023-07-06,8.8,59.9,25.47
		108,����,2023-07-07,8.7,59.2,23.96
		108,����,2023-07-08,1.6,11,13.93
		108,����,2023-07-09,1.1,7.5,8.07
		108,����,2023-07-10,5.9,40.4,18.41
		108,����,2023-07-11,0,0,2.21
		108,����,2023-07-12,1.2,8.2,12.34
		108,����,2023-07-13,0,0,2.63
		108,����,2023-07-14,0,0,1.52
		108,����,2023-07-15,0,0,3.16
		108,����,2023-07-16,0,0,5.31
		108,����,2023-07-17,0.4,2.8,10.78
		108,����,2023-07-18,2,13.8,7.94
		108,����,2023-07-19,11.5,79.9,26.41
		108,����,2023-07-20,9.9,68.8,24.17
		108,����,2023-07-21,10.2,70.8,23.64
		108,����,2023-07-22,6.4,44.4,17.66
		108,����,2023-07-23,0,0,2.37
		108,����,2023-07-24,3.2,22.4,14.08
		108,����,2023-07-25,3.5,24.5,16.84
		108,����,2023-07-26,3,21,15.79
		108,����,2023-07-27,6.8,47.6,18.25
		108,����,2023-07-28,9.5,66.9,23.36
		108,����,2023-07-29,6.8,47.9,18.5
		108,����,2023-07-30,9.1,64.1,21.99
		108,����,2023-07-31,6.5,46.1,20.26
		108,����,2023-08-01,10.3,73,21.25
		108,����,2023-08-02,11.2,79.4,24.81
		108,����,2023-08-03,11,78.6,25.4
		108,����,2023-08-04,9.6,68.6,23.13
		108,����,2023-08-05,12.7,90.7,27.31
		108,����,2023-08-06,3.8,27.3,12.95
		108,����,2023-08-07,5.8,41.7,15.83
		108,����,2023-08-08,11,79.1,23.96
		108,����,2023-08-09,3.3,23.7,13.66
		108,����,2023-08-10,0,0,2.42
		108,����,2023-08-11,0,0,3.94
		108,����,2023-08-12,0.1,0.7,4.19
		108,����,2023-08-13,2.7,19.7,17.49
		108,����,2023-08-14,3.9,28.5,13.71
		108,����,2023-08-15,7.7,56.2,21.84
		108,����,2023-08-16,3.7,27.2,15.46
		108,����,2023-08-17,6.2,45.6,18.24
		108,����,2023-08-18,7.3,54.1,19.56
		108,����,2023-08-19,9.1,67.4,21.24
		108,����,2023-08-20,3.6,26.7,15.87
		108,����,2023-08-21,6.4,47.8,19.04
		108,����,2023-08-22,1.3,9.7,10.5
		108,����,2023-08-23,0.1,0.7,3.33
		108,����,2023-08-24,1.5,11.3,12.56
		108,����,2023-08-25,8.3,62.4,20.42
		108,����,2023-08-26,7.3,55.3,19.84
		108,����,2023-08-27,1.2,9.1,12
		108,����,2023-08-28,0,0,3.99
		108,����,2023-08-29,0,0,2.87
		108,����,2023-08-30,0,0,4.42
		108,����,2023-08-31,7,53.4,18.53
		108,����,2023-09-01,12.1,93.1,24.59
		108,����,2023-09-02,11.3,86.9,23.72
		108,����,2023-09-03,1.9,14.7,12.19
		108,����,2023-09-04,0.7,5.4,10.24
		108,����,2023-09-05,7,54.3,19.14
		108,����,2023-09-06,11.3,88.3,22.64
		108,����,2023-09-07,12.1,94.5,24.56
		108,����,2023-09-08,12,94.5,24.13
		108,����,2023-09-09,10.9,85.8,22.64
		108,����,2023-09-10,5.7,44.9,14.57
		108,����,2023-09-11,5.1,40.5,14.79
		108,����,2023-09-12,3.5,27.8,12.52
		108,����,2023-09-13,0,0,3.35
		108,����,2023-09-14,4.2,33.6,13.7
		108,����,2023-09-15,0.1,0.8,5.35
		108,����,2023-09-16,0.1,0.8,6.3
		108,����,2023-09-17,3.3,26.6,12.49
		108,����,2023-09-18,4.9,39.5,13.83
		108,����,2023-09-19,1.3,10.6,8.98
		108,����,2023-09-20,0,0,2.53
		108,����,2023-09-21,2.4,19.7,13.28
		108,����,2023-09-22,10.4,85.2,20.37
		108,����,2023-09-23,10.9,89.3,19.69
		108,����,2023-09-24,9,74.4,19.16
		108,����,2023-09-25,1.3,10.7,11.15
		108,����,2023-09-26,0,0,2.33
		108,����,2023-09-27,0.1,0.8,6.65
		108,����,2023-09-28,8.4,70,17.06
		108,����,2023-09-29,5.5,46.2,16.39
		108,����,2023-09-30,1.6,13.4,7.45
		108,����,2023-10-01,10.4,88.1,20.05
		108,����,2023-10-02,10.3,87.3,19.93
		108,����,2023-10-03,3,25.6,9.4
		108,����,2023-10-04,5.3,45.3,12.11
		108,����,2023-10-05,10.6,90.6,19.99
		108,����,2023-10-06,8.8,75.9,17.92
		108,����,2023-10-07,5.2,44.8,13.16
		108,����,2023-10-08,0,0,5.92
		108,����,2023-10-09,4.2,36.5,11.77
		108,����,2023-10-10,10.6,92.2,18.62
		108,����,2023-10-11,10,87.7,17.49
		108,����,2023-10-12,7.3,64,14.4
		108,����,2023-10-13,2.5,21.9,9.14
		108,����,2023-10-14,2.5,22.1,6.54
		108,����,2023-10-15,6.1,54,13.73
		108,����,2023-10-16,10.4,92.9,18
		108,����,2023-10-17,10.4,92.9,17.85
		108,����,2023-10-18,8.3,74.1,14.37
		108,����,2023-10-19,0,0,2.88
		108,����,2023-10-20,10.1,91,17.9
		108,����,2023-10-21,8.6,77.5,16.7
		108,����,2023-10-22,8.6,78.2,14.58
		108,����,2023-10-23,6.5,59.1,12.64
		108,����,2023-10-24,3.7,33.9,9.34
		108,����,2023-10-25,6,55,11.4
		108,����,2023-10-26,0.8,7.3,5.79
		108,����,2023-10-27,4.6,42.6,10.07
		108,����,2023-10-28,9.7,89.8,15.3
		108,����,2023-10-29,9.7,89.8,15.3
		108,����,2023-10-30,9.3,86.9,13.71
		108,����,2023-10-31,5.2,48.6,10.57
		108,����,2023-11-01,0,0,2.23
		108,����,2023-11-02,8,75.5,12.86
		108,����,2023-11-03,1.2,11.3,6.1
		108,����,2023-11-04,2.8,26.7,8.32
		108,����,2023-11-05,0,0,3.75
		108,����,2023-11-06,0.8,7.6,4.42
		108,����,2023-11-07,8.4,80.8,14.34
		108,����,2023-11-08,9.4,90.4,13.65
		108,����,2023-11-09,2.1,20.2,6.78
		108,����,2023-11-10,9,87.4,14.52
		108,����,2023-11-11,7,68,10.9
		108,����,2023-11-12,9.5,92.2,14.17
		108,����,2023-11-13,9.5,93.1,14.18
		108,����,2023-11-14,9.3,91.2,12.94
		108,����,2023-11-15,6.9,67.6,10.47
		108,����,2023-11-16,0,0,1.09
		108,����,2023-11-17,5,49.5,7.42
		108,����,2023-11-18,9.3,92.1,12.88
		108,����,2023-11-19,5.4,53.5,7.79
		108,����,2023-11-20,9.3,92.1,12.93
		108,����,2023-11-21,9.3,93,12.57
		108,����,2023-11-22,6.5,65,10.28
		108,����,2023-11-23,5,50,8.41
		108,����,2023-11-24,8.6,86.9,12.67
		108,����,2023-11-25,9.1,91.9,12.67
		108,����,2023-11-26,1.4,14.1,6.39
		108,����,2023-11-27,0.9,9.1,2.35
		108,����,2023-11-28,6.3,64.3,9.85
		108,����,2023-11-29,2.7,27.6,4.75
		108,����,2023-11-30,9.2,93.9,12.44
		108,����,2023-12-01,9.2,93.9,12.2
		108,����,2023-12-02,4,40.8,8.25
		108,����,2023-12-03,9.1,92.9,11.62
		108,����,2023-12-04,8.2,84.5,10.39
		108,����,2023-12-05,6.8,70.1,8.09
		108,����,2023-12-06,0,0,1.87
		108,����,2023-12-07,6.7,69.1,9.35
		108,����,2023-12-08,5.3,54.6,7.54
		108,����,2023-12-09,0.8,8.2,4.05
		108,����,2023-12-10,,0,
		108,����,2023-12-11,0,0,1.54
		108,����,2023-12-12,3.5,36.5,6.08
		108,����,2023-12-13,2.3,24,6.06
		108,����,2023-12-14,0,0,1.46
		108,����,2023-12-15,0,0,1.48
		108,����,2023-12-16,4.6,47.9,8.49
		108,����,2023-12-17,9,93.8,11.81
		108,����,2023-12-18,4.1,42.7,7.01
		108,����,2023-12-19,0.8,8.3,5.77
		108,����,2023-12-20,6,62.5,9.07
		108,����,2023-12-21,9,93.8,11.49
		108,����,2023-12-22,9.1,94.8,11.56
		108,����,2023-12-23,8.9,92.7,10.84
		108,����,2023-12-24,6.9,71.9,10.09
		108,����,2023-12-25,1.7,17.7,4.14
		108,����,2023-12-26,7.5,78.1,9.17
		108,����,2023-12-27,8.2,85.4,9.47
		108,����,2023-12-28,8.1,84.4,9.25
		108,����,2023-12-29,1.8,18.8,5.43
		108,����,2023-12-30,0,0,0.69
		108,����,2023-12-31,0.6,6.3,3.06
		108,����,2024-01-01,4.3,44.8,7.44
		108,����,2024-01-02,0.3,3.1,3.87
		108,����,2024-01-03,1.2,12.4,3.32
		108,����,2024-01-04,0.5,5.2,5.22
		108,����,2024-01-05,5.7,58.8,7.77
		108,����,2024-01-06,8.7,89.7,11.42
		108,����,2024-01-07,9.1,93.8,12.13
		108,����,2024-01-08,8.3,85.6,11.65
		108,����,2024-01-09,0,0,1.48
		108,����,2024-01-10,5,51,7.81
		108,����,2024-01-11,0.4,4.1,4.58
		108,����,2024-01-12,8.9,90.8,11.77
		108,����,2024-01-13,9.1,92.9,12.05
		108,����,2024-01-14,0.7,7.1,1.28
		108,����,2024-01-15,9.2,92.9,12.82
		108,����,2024-01-16,8.3,83.8,11.86
		108,����,2024-01-17,0,0,1.9
		108,����,2024-01-18,6.3,63.6,9.86
		108,����,2024-01-19,7.1,71.7,10.29
		108,����,2024-01-20,0,0,2.74
		108,����,2024-01-21,0,0,3.57
		108,����,2024-01-22,3.6,36,8.49
		108,����,2024-01-23,9.1,91,13.53
		108,����,2024-01-24,9.3,92.1,13.63
		108,����,2024-01-25,9.4,93.1,13.57
		108,����,2024-01-26,9.4,93.1,12.68
		108,����,2024-01-27,8,78.4,12.43
		108,����,2024-01-28,8,78.4,12.52
		108,����,2024-01-29,9.2,90.2,12.65
		108,����,2024-01-30,9.4,91.3,12.73
		108,����,2024-01-31,8.9,86.4,12.65
		108,����,2024-02-01,6.8,66,10.12
		108,����,2024-02-02,4.4,42.7,10.3
		108,����,2024-02-03,1,9.6,6.77
		108,����,2024-02-04,4.6,44.2,10.88
		108,����,2024-02-05,0,0,3.47
		108,����,2024-02-06,0,0,4.49
		108,����,2024-02-07,0,0,3.61
		108,����,2024-02-08,9.2,86.8,13.96
		108,����,2024-02-09,6.9,65.1,12.47
		108,����,2024-02-10,5.6,52.8,11.32
		108,����,2024-02-11,5.6,52.3,10.38
		108,����,2024-02-12,9.7,90.7,15.35
		108,����,2024-02-13,5.5,51.4,10.98
		108,����,2024-02-14,4,37,10.39
		108,����,2024-02-15,0.9,8.3,2.71
		108,����,2024-02-16,7.9,73.1,13.32
		108,����,2024-02-17,8.7,79.8,15.33
		108,����,2024-02-18,1.1,10.1,3.01
		108,����,2024-02-19,0,0,1.37
		108,����,2024-02-20,0,0,2.34
		108,����,2024-02-21,0,0,2.77
		108,����,2024-02-22,0,0,4.5
		108,����,2024-02-23,5.8,52.3,15.28
		108,����,2024-02-24,5.5,49.5,12.07
		108,����,2024-02-25,0.9,8,7.55
		108,����,2024-02-26,6.8,60.7,14.98
		108,����,2024-02-27,5.5,48.7,13.06
		108,����,2024-02-28,1.7,15,10.2
		108,����,2024-02-29,1.2,10.6,7.01
		108,����,2024-03-01,10.6,93,20.33
		108,����,2024-03-02,5.8,50.9,13.21
		108,����,2024-03-03,6.6,57.4,13.52
		108,����,2024-03-04,9.5,82.6,17.79
		108,����,2024-03-05,0.1,0.9,6.29
		108,����,2024-03-06,2.3,19.8,10.31
		108,����,2024-03-07,2.5,21.6,8.77
		108,����,2024-03-08,10.4,88.9,19.91
		108,����,2024-03-09,10.9,93.2,21.15
		108,����,2024-03-10,10.9,93.2,20.38
		108,����,2024-03-11,,,
		108,����,2024-03-12,0,0,0.3
		108,����,2024-03-13,10.9,91.6,20.78
		108,����,2024-03-14,,0,
		108,����,2024-03-15,10.6,89.1,20.18
		108,����,2024-03-16,8.3,69.2,18.28
		108,����,2024-03-17,8.7,72.5,18.59
		108,����,2024-03-18,10.6,87.6,21.33
		108,����,2024-03-19,2.7,22.3,9.63
		108,����,2024-03-20,9,74.4,19.09
		108,����,2024-03-21,11.3,92.6,22.43
		108,����,2024-03-22,3.5,28.7,10.25
		108,����,2024-03-23,8.2,66.7,19.2
		108,����,2024-03-24,8.1,65.9,19.89
		108,����,2024-03-25,0,0,4.68
		108,����,2024-03-26,2.3,18.5,13.76
		108,����,2024-03-27,8.8,71,18.46
		108,����,2024-03-28,0,0,4.13
		108,����,2024-03-29,2.5,20,6.68
		108,����,2024-03-30,5.4,43.2,16.07
		108,����,2024-03-31,10.1,80.2,22.79
		108,����,2024-04-01,11.5,91.3,23.72
		108,����,2024-04-02,9.5,74.8,21.69
		108,����,2024-04-03,0.3,2.4,7.18
		108,����,2024-04-04,3.6,28.1,15.47
		108,����,2024-04-05,6.2,48.4,17.11
		108,����,2024-04-06,6.6,51.6,17.49
		108,����,2024-04-07,11.4,88.4,23.4
		108,����,2024-04-08,2,15.5,14.44
		108,����,2024-04-09,11.9,92.2,25.68
		108,����,2024-04-10,3.9,30,15.38
		108,����,2024-04-11,4,30.8,14.28
		108,����,2024-04-12,9.8,74.8,23.59
		108,����,2024-04-13,12.1,92.4,25.65
		108,����,2024-04-14,11.7,89.3,24.93
		108,����,2024-04-15,0,0,3.18
		108,����,2024-04-16,3.7,28,13.45
		108,����,2024-04-17,10.3,77.4,23.2
		108,����,2024-04-18,11.7,88,25.45
		108,����,2024-04-19,10.4,78.2,23.5
		108,����,2024-04-20,0,0,4.46
		108,����,2024-04-21,1,7.5,11.86
		108,����,2024-04-22,4.6,34.3,19.34
		108,����,2024-04-23,6,44.4,19.16
		108,����,2024-04-24,1.9,14.1,9.53
		108,����,2024-04-25,6.2,45.6,18.59
		108,����,2024-04-26,10.7,78.7,23.74
		108,����,2024-04-27,12.5,91.9,28.23
		108,����,2024-04-28,11.4,83.2,25.14
		108,����,2024-04-29,8.8,64.2,21.36
		108,����,2024-04-30,5.5,40.1,17.95
		108,����,2024-05-01,9.8,71,26.05
		108,����,2024-05-02,12.8,92.8,28.72
		108,����,2024-05-03,12.8,92.8,28.28
		108,����,2024-05-04,12.5,89.9,26.61
		108,����,2024-05-05,0,0,2.17
		108,����,2024-05-06,0,0,2.71
		108,����,2024-05-07,0,0,4.75
		108,����,2024-05-08,11,78.6,27.21
		108,����,2024-05-09,12.8,91.4,27.17
		108,����,2024-05-10,12.5,88.7,28.02
		108,����,2024-05-11,0.1,0.7,5.72
		108,����,2024-05-12,11.4,80.9,28.91
		108,����,2024-05-13,13.1,92.9,30.09
		108,����,2024-05-14,13,91.5,30.02
		108,����,2024-05-15,3.1,21.8,8.35
		108,����,2024-05-16,13.1,92.3,31.35
		108,����,2024-05-17,10.8,75.5,24.4
		108,����,2024-05-18,11.3,79,26.88
		108,����,2024-05-19,12.6,88.1,28.99
		108,����,2024-05-20,0.5,3.5,11.45
		108,����,2024-05-21,9.4,65.3,26.37
		108,����,2024-05-22,10,69.4,27.4
		108,����,2024-05-23,12.7,88.2,30.1
		108,����,2024-05-24,4.7,32.6,20.51
		108,����,2024-05-25,2.3,15.9,17.34
		108,����,2024-05-26,3.1,21.4,10.2
		108,����,2024-05-27,9.9,68.3,26.89
		108,����,2024-05-28,11.1,76.6,27.55
		108,����,2024-05-29,13.2,91,29.38
		108,����,2024-05-30,0.6,4.1,12.97
		108,����,2024-05-31,11.8,80.8,30.31
		108,����,2024-06-01,9.4,64.4,27.02
		108,����,2024-06-02,12.4,84.9,28.7
		108,����,2024-06-03,11.2,76.7,29.95
		108,����,2024-06-04,13.5,92.5,31.17
		108,����,2024-06-05,10.4,70.7,25.14
		108,����,2024-06-06,9.3,63.3,24.47
		108,����,2024-06-07,7.1,48.3,20.41
		108,����,2024-06-08,2.5,17,9.7
		108,����,2024-06-09,12.3,83.7,28.38
		108,����,2024-06-10,11.9,81,26.57
		108,����,2024-06-11,10.2,69.4,27.17
		108,����,2024-06-12,11.3,76.9,27.73
		108,����,2024-06-13,13.3,90.5,29.8
		108,����,2024-06-14,9.1,61.5,24.24
		108,����,2024-06-15,3.4,23,15.71
		108,����,2024-06-16,13.2,89.2,30.02
		108,����,2024-06-17,13.1,88.5,28.17
		108,����,2024-06-18,13.4,90.5,29.22
		108,����,2024-06-19,13,87.8,28.25
		108,����,2024-06-20,12.1,81.8,25.99
		108,����,2024-06-21,10.3,69.6,24.75
		108,����,2024-06-22,0,0,3.59
		108,����,2024-06-23,3.8,25.7,18.84
		108,����,2024-06-24,7,47.3,19.62
		108,����,2024-06-25,10.7,72.3,25.24
		108,����,2024-06-26,12.3,83.1,27.64
		108,����,2024-06-27,9.3,62.8,23.84
		108,����,2024-06-28,13.2,89.2,28.84
		108,����,2024-06-29,6.9,46.9,20.46
		108,����,2024-06-30,0,0,3.89
		108,����,2024-07-01,8.3,56.5,24.69
		108,����,2024-07-02,0,0,1.93
		108,����,2024-07-03,0.6,4.1,8.91
		108,����,2024-07-04,3.4,23.1,18.81
		108,����,2024-07-05,1.4,9.5,11.25
		108,����,2024-07-06,0.1,0.7,6.84
		108,����,2024-07-07,0.6,4.1,11.09
		108,����,2024-07-08,0,0,3.36
		
	



